,SYS,SID,RAW.SCR,Z.SCR,N,Unnamed: 5,DOC
9,zlabs-nlp.169,7,98.6666666666667,0.69131064410996,3,,allafrica.15186
53,zlabs-nlp.169,9,98.3333333333333,0.798678620001567,3,,dailymail.co.uk.365144
81,zlabs-nlp.169,24,99.5,0.727710479379734,2,,rte.en.ie.5281
105,zlabs-nlp.169,15,99.0,0.683651094378255,2,,rte.en.ie.5281
106,zlabs-nlp.169,7,98.5,0.792861753889413,2,,reuters.276576
116,zlabs-nlp.169,6,98.5,0.751618203893758,2,,rte.en.ie.5293
133,zlabs-nlp.169,8,98.5,0.810030196330557,2,,allafrica.15247
135,zlabs-nlp.169,10,98.5,0.822049797280952,2,,rt.com.113905
136,zlabs-nlp.169,19,98.5,0.822049797280952,2,,aj-english.8627
137,zlabs-nlp.169,2,99.0,0.784727870393331,2,,rte.en.ie.5293
183,zlabs-nlp.169,1,99.0,0.784727870393331,2,,rte.en.ie.5293
230,zlabs-nlp.169,6,98.0,0.652246073737595,3,,allafrica.15186
256,zlabs-nlp.169,15,98.0,0.748275346323279,2,,reuters.276576
288,zlabs-nlp.169,23,99.5,0.727710479379734,2,,rte.en.ie.5281
294,zlabs-nlp.169,10,99.0,0.840958608204892,3,,allafrica.15224
325,zlabs-nlp.169,16,98.0,0.756634857592527,2,,reuters.276576
347,zlabs-nlp.169,14,98.5,0.822049797280952,2,,rt.com.113905
350,zlabs-nlp.169,7,98.0,0.595532324375293,2,,rte.en.ie.5281
395,zlabs-nlp.169,13,98.0,0.799384123672998,2,,aj-english.8627
451,zlabs-nlp.169,11,98.0,0.748275346323279,2,,reuters.276576
454,zlabs-nlp.169,0,98.5,0.654439446642683,2,,seattletimes.7019
457,zlabs-nlp.169,6,99.0,0.683651094378255,2,,seattletimes.7019
458,zlabs-nlp.169,12,99.0,0.683651094378255,2,,rte.en.ie.5281
506,zlabs-nlp.169,24,99.0,1.02426179034343,1,,seattletimes.7164
538,zlabs-nlp.169,3,98.0,1.02024955900639,1,,reuters.276654
542,zlabs-nlp.169,13,99.0,1.05639657615454,1,,reuters.276654
546,zlabs-nlp.169,19,98.0,1.02024955900639,1,,reuters.276654
547,zlabs-nlp.169,21,99.0,1.05639657615454,1,,reuters.276654
582,zlabs-nlp.169,13,99.0,1.16955022779057,1,,allafrica.15239
668,zlabs-nlp.169,4,98.0,0.96966144623017,1,,scotsman.155315
672,zlabs-nlp.169,13,99.0,1.00807148569264,1,,scotsman.155315
674,zlabs-nlp.169,17,98.0,0.96966144623017,1,,scotsman.155315
687,zlabs-nlp.169,6,98.0,0.999724200210632,1,,huffingtonpost.com.19397
690,zlabs-nlp.169,0,100.0,1.06959313755933,1,,seattletimes.7164
693,zlabs-nlp.169,6,99.0,1.02426179034343,1,,seattletimes.7164
699,zlabs-nlp.169,19,98.0,0.978930443127518,1,,seattletimes.7164
704,zlabs-nlp.169,4,98.5,0.714884394904211,2,,standard.co.uk.14548
731,zlabs-nlp.169,7,98.0,1.02024955900639,1,,reuters.276654
846,zlabs-nlp.169,5,98.0,0.96966144623017,1,,scotsman.155315
849,zlabs-nlp.169,11,98.0,0.96966144623017,1,,scotsman.155315
859,zlabs-nlp.169,17,99.0,1.16955022779057,1,,allafrica.15239
887,zlabs-nlp.169,5,98.0,0.718781629554656,1,,en.ndtv.com.13121
903,zlabs-nlp.169,12,99.0,0.630681571049541,1,,en.ndtv.com.13007
911,zlabs-nlp.169,15,99.0,0.864819001963142,1,,thesun.co.uk.27219
912,zlabs-nlp.169,6,99.0,0.858083452920301,1,,upi.205690
923,zlabs-nlp.169,3,100.0,0.920694430878732,2,,upi.205690
924,zlabs-nlp.169,8,99.0,0.630681571049541,2,,en.ndtv.com.13139
925,zlabs-nlp.169,13,98.0,0.574918390585391,2,,en.ndtv.com.13139
944,zlabs-nlp.169,0,99.0,1.47766114208455,1,,allafrica.15344
959,zlabs-nlp.169,1,99.0,0.630681571049541,2,,en.ndtv.com.13139
960,zlabs-nlp.169,10,99.0,0.864819001963142,1,,thesun.co.uk.27219
962,zlabs-nlp.169,2,99.0,0.864819001963142,1,,thesun.co.uk.27219
965,zlabs-nlp.169,5,99.0,0.920655148384333,2,,news.com.au.759110
984,zlabs-nlp.169,10,99.0,0.630681571049541,2,,en.ndtv.com.13139
985,zlabs-nlp.169,4,99.0,0.630681571049541,2,,en.ndtv.com.13139
994,zlabs-nlp.169,3,99.0,0.864819001963142,1,,thesun.co.uk.27219
1004,zlabs-nlp.169,12,99.0,0.864819001963142,1,,thesun.co.uk.27219
1012,zlabs-nlp.169,7,99.0,0.729685618808099,1,,seattletimes.7452
1013,zlabs-nlp.169,7,99.0,0.630681571049541,1,,en.ndtv.com.13139
1014,zlabs-nlp.169,9,99.0,0.630681571049541,1,,en.ndtv.com.13007
1033,zlabs-nlp.169,8,99.0,0.858083452920301,1,,upi.205690
1034,zlabs-nlp.169,7,99.0,0.630681571049541,1,,en.ndtv.com.13007
1037,zlabs-nlp.169,15,98.0,0.68402898160865,1,,express.co.uk.11013
1048,zlabs-nlp.169,9,99.0,0.630681571049541,1,,en.ndtv.com.13139
1051,zlabs-nlp.169,11,100.0,0.686444751513692,1,,en.ndtv.com.13007
1063,zlabs-nlp.169,9,100.0,0.764332746833146,1,,scotsman.155284
1069,zlabs-nlp.169,22,98.0,0.68402898160865,1,,express.co.uk.11013
1088,zlabs-nlp.169,7,98.0,1.44727847235937,1,,allafrica.15344
1106,zlabs-nlp.169,16,98.0,0.654672381433842,1,,scotsman.155284
1118,zlabs-nlp.169,3,100.0,0.686444751513692,1,,en.ndtv.com.13139
1137,zlabs-nlp.169,0,98.0,0.654672381433842,1,,scotsman.155284
1224,zlabs-nlp.169,1,99.0,1.3853060063781,1,,abcnews.364009
1228,zlabs-nlp.169,20,98.0,1.67975549259656,1,,egyptindependent.com.1660
1349,Online-Z.1636,9,99.0,0.683651094378255,2,,brisbanetimes.com.au.225973
1369,Online-Z.1636,20,98.5,0.715399528473081,2,,guardian.260714
1403,Online-Z.1636,0,98.0,0.675862585153242,2,,rte.en.ie.5291
1406,Online-Z.1636,4,99.25,0.69825691824604,4,,brisbanetimes.com.au.225973
1407,Online-Z.1636,14,99.0,0.683651094378255,4,,brisbanetimes.com.au.225973
1436,Online-Z.1636,13,98.5,0.715399528473081,2,,guardian.260714
1477,Online-Z.1636,3,98.0,0.675862585153242,2,,guardian.260714
1479,Online-Z.1636,14,98.6666666666667,0.698655392439822,3,,news.com.au.759058
1493,Online-Z.1636,17,98.0,0.64007553617302,2,,brisbanetimes.com.au.225973
1523,Online-Z.1636,16,99.0,0.683651094378255,2,,brisbanetimes.com.au.225973
1582,Online-Z.1636,22,98.6666666666667,0.890550794610794,3,,cnn.385761
1598,Online-Z.1636,18,99.0,0.995668236260294,2,,guardian.260694
1698,Online-Z.1636,0,98.75,0.690283324423193,4,,news.com.au.759058
1701,Online-Z.1636,16,98.6666666666667,0.698655392439822,3,,news.com.au.759058
1773,Online-Z.1636,21,98.0,0.770022668269911,1,,allafrica.15264
1835,Online-Z.1636,1,99.0,1.34675045273239,1,,kcal.268
1840,Online-Z.1636,13,99.0,1.34675045273239,1,,kcal.268
1842,Online-Z.1636,18,99.0,1.34675045273239,1,,kcal.268
1902,Online-Z.1636,11,98.0,0.96966144623017,1,,en.ndtv.com.13009
1910,Online-Z.1636,7,98.0,0.770022668269911,1,,allafrica.15264
1913,Online-Z.1636,11,98.0,0.770022668269911,1,,allafrica.15264
1926,Online-Z.1636,4,99.0,0.943976885538585,2,,en.ndtv.com.13004
2014,Online-Z.1636,7,98.0,0.96966144623017,1,,en.ndtv.com.13009
2054,Online-Z.1636,3,99.0,0.864819001963142,1,,abcnews.364009
2056,Online-Z.1636,4,99.0,0.73761527080635,1,,en.ndtv.com.12992
2059,Online-Z.1636,1,100.0,1.29844108495458,1,,dailymail.co.uk.365144
2070,Online-Z.1636,15,99.0,0.709502564133494,2,,huffingtonpost.com.19311
2077,Online-Z.1636,16,99.0,0.733551936342277,2,,euronews-en.185713
2088,Online-Z.1636,12,99.0,0.838990038050595,1,,express.co.uk.11069
2089,Online-Z.1636,11,98.0,0.68402898160865,1,,en.ndtv.com.12992
2090,Online-Z.1636,8,99.0,0.73761527080635,1,,en.ndtv.com.12992
2112,Online-Z.1636,12,99.0,0.709502564133494,1,,huffingtonpost.com.19311
2114,Online-Z.1636,19,99.0,0.709502564133494,2,,huffingtonpost.com.19311
2119,Online-Z.1636,8,99.0,0.63222748384812,1,,scotsman.155321
2130,Online-Z.1636,6,99.0,0.864819001963142,1,,abcnews.364009
2146,Online-Z.1636,17,99.0,0.838990038050595,1,,express.co.uk.11069
2147,Online-Z.1636,16,98.0,0.798712071749558,1,,express.co.uk.11069
2166,Online-Z.1636,6,99.0,0.838990038050595,1,,allafrica.15344
2168,Online-Z.1636,15,99.0,0.73761527080635,1,,en.ndtv.com.12992
2201,Online-Z.1636,2,99.0,0.864819001963142,1,,abcnews.364009
2219,Online-Z.1636,0,99.0,0.709502564133494,1,,seattletimes.7019
2224,Online-Z.1636,5,99.0,0.63222748384812,1,,scotsman.155321
2226,Online-Z.1636,7,99.0,0.733551936342277,2,,euronews-en.185713
2227,Online-Z.1636,2,100.0,0.879268004351631,1,,express.co.uk.11069
2255,Online-Z.1636,15,98.0,0.575474567883298,1,,scotsman.155321
2257,Online-Z.1636,15,99.0,0.733551936342277,2,,euronews-en.185713
2260,Online-Z.1636,18,99.0,0.838990038050595,1,,express.co.uk.11069
2262,Online-Z.1636,18,99.0,0.73761527080635,1,,en.ndtv.com.12992
2284,Online-Z.1636,11,99.0,0.709502564133494,1,,huffingtonpost.com.19311
2293,Online-Z.1636,1,99.0,0.864819001963142,1,,abcnews.364009
2311,Online-Z.1636,8,99.0,0.709502564133494,1,,huffingtonpost.com.19311
2322,Online-Z.1636,9,99.0,0.73761527080635,1,,en.ndtv.com.12992
2323,Online-Z.1636,19,99.0,0.73761527080635,1,,en.ndtv.com.12992
2328,Online-Z.1636,5,98.0,0.68402898160865,1,,en.ndtv.com.12992
2330,Online-Z.1636,0,100.0,1.29844108495458,1,,dailymail.co.uk.365144
2347,Online-Z.1636,4,99.0,0.733551936342277,2,,euronews-en.185713
2393,Online-Z.1636,6,99.0,0.807832396824578,1,,standard.co.uk.14514
2401,Online-Z.1636,1,99.0,0.73761527080635,1,,en.ndtv.com.12992
2404,Online-Z.1636,6,100.0,0.764332746833146,1,,seattletimes.7019
2405,Online-Z.1636,9,98.0,0.725256384023791,1,,oneindiaenglish.1488
2407,Online-Z.1636,22,99.0,0.63222748384812,1,,scotsman.155321
2408,Online-Z.1636,13,100.0,0.688980399812942,1,,scotsman.155321
2423,Online-Z.1636,13,99.0,1.6065916587219,1,,rt.com.113905
2425,Online-Z.1636,23,99.0,0.73761527080635,1,,en.ndtv.com.12992
2430,Online-Z.1636,6,99.0,0.838990038050595,1,,express.co.uk.11069
2442,Online-Z.1636,27,98.0,0.68402898160865,1,,en.ndtv.com.12992
2447,Online-Z.1636,28,99.0,0.73761527080635,1,,en.ndtv.com.12992
2470,Online-Z.1636,10,100.0,1.65050560319975,1,,en.ndtv.com.13124
2479,Online-Z.1636,11,100.0,1.65050560319975,1,,voa-zimbabwe.640
2530,Online-Z.1636,1,99.0,2.14691338947694,1,,allafrica.15247
2562,Online-Z.1636,4,100.0,1.65050560319975,1,,en.ndtv.com.13124
2571,Online-Z.1636,4,98.0,2.10828246928842,1,,allafrica.15247
2610,HUMAN,10,98.5,0.874005684108933,2,,allafrica.15229
2626,HUMAN,13,99.0,0.770223485905243,2,,egyptindependent.com.1660
2628,HUMAN,12,99.0,0.754936471792919,2,,express.co.uk.11069
2630,HUMAN,2,99.0,0.683651094378255,2,,guardian.260742
2631,HUMAN,5,99.0,0.892266442930533,2,,allafrica.15229
2635,HUMAN,13,98.0,0.569673003850989,2,,dailymail.co.uk.365139
2636,HUMAN,18,98.0,0.569673003850989,2,,dailymail.co.uk.365139
2662,HUMAN,2,99.0,0.831843196966185,2,,cnn.385734
2664,HUMAN,18,98.0,0.788217195694926,2,,cnbc.com.33915
2669,HUMAN,24,98.5,0.750208987402529,2,,egyptindependent.com.1660
2670,HUMAN,5,99.25,0.915140672183381,4,,en.ndtv.com.13121
2674,HUMAN,12,99.0,0.617099792303325,2,,rte.en.ie.5281
2692,HUMAN,5,98.0,0.788217195694926,2,,cnbc.com.33915
2694,HUMAN,16,99.5,0.790237984407958,2,,egyptindependent.com.1660
2697,HUMAN,4,98.5,0.715399528473081,2,,express.co.uk.11069
2698,HUMAN,9,99.0,0.754936471792919,2,,express.co.uk.11069
2699,HUMAN,5,99.0,0.668803357112346,2,,guardian.260742
2701,HUMAN,12,99.5,0.727710479379734,4,,guardian.260742
2702,HUMAN,15,99.0,0.683651094378255,4,,guardian.260742
2709,HUMAN,20,98.0,0.569673003850989,2,,dailymail.co.uk.365139
2724,HUMAN,0,98.0,0.788217195694926,2,,upi.205690
2725,HUMAN,9,99.0,0.831843196966185,2,,reuters.276539
2727,HUMAN,17,99.5,0.790237984407958,2,,egyptindependent.com.1660
2728,HUMAN,18,99.5,0.790237984407958,2,,egyptindependent.com.1660
2730,HUMAN,6,98.5,0.715399528473081,2,,express.co.uk.11069
2731,HUMAN,3,98.0,0.66931002627135,2,,independent.280913
2733,HUMAN,12,99.0,0.892266442930533,2,,allafrica.15229
2734,HUMAN,16,98.5,0.846517984424844,2,,allafrica.15229
2738,HUMAN,14,99.0,0.892266442930533,2,,allafrica.15229
2761,HUMAN,9,98.5,0.810030196330557,2,,upi.205690
2766,HUMAN,5,99.0,0.754936471792919,2,,express.co.uk.11069
2767,HUMAN,4,98.0,0.66931002627135,2,,independent.280913
2768,HUMAN,9,98.0,0.66931002627135,2,,independent.280913
2779,HUMAN,14,99.0,0.683651094378255,2,,guardian.260742
2780,HUMAN,19,99.0,0.892266442930533,2,,allafrica.15229
2800,HUMAN,7,98.5,0.810030196330557,2,,cnbc.com.33915
2801,HUMAN,16,98.0,0.788217195694926,2,,cnbc.com.33915
2806,HUMAN,25,99.5,0.790237984407958,2,,egyptindependent.com.1660
2809,HUMAN,1,98.5,0.810030196330557,2,,upi.205690
2811,HUMAN,17,98.0,0.788217195694926,2,,cnbc.com.33915
2812,HUMAN,19,98.5,0.810030196330557,2,,cnbc.com.33915
2814,HUMAN,8,99.5,0.790237984407958,2,,egyptindependent.com.1660
2815,HUMAN,26,98.5,0.750208987402529,2,,egyptindependent.com.1660
2816,HUMAN,8,99.0,0.754936471792919,2,,express.co.uk.11069
2818,HUMAN,11,98.75,0.661621401877514,4,,guardian.260742
2821,HUMAN,8,98.5,0.832774134582801,2,,allafrica.15229
2822,HUMAN,15,98.5,0.846517984424844,2,,allafrica.15229
2828,HUMAN,23,99.0,0.617099792303325,2,,rte.en.ie.5281
2852,HUMAN,21,99.0,0.831843196966185,2,,cnbc.com.33915
2856,HUMAN,18,99.0,0.754936471792919,2,,express.co.uk.11069
2857,HUMAN,19,98.5,0.715399528473081,2,,express.co.uk.11069
2859,HUMAN,16,98.5,0.639591709376774,2,,guardian.260742
2876,HUMAN,11,99.0,0.831843196966185,2,,reuters.276539
2879,HUMAN,0,99.5,0.790237984407958,2,,egyptindependent.com.1660
2885,HUMAN,19,98.75,0.661621401877514,4,,guardian.260742
2886,HUMAN,3,98.5,0.846517984424844,2,,allafrica.15229
2887,HUMAN,13,99.0,0.892266442930533,2,,allafrica.15229
2889,HUMAN,14,98.0,0.569673003850989,2,,rte.en.ie.5281
2913,HUMAN,13,98.0,0.788217195694926,2,,cnbc.com.33915
2916,HUMAN,12,98.0,0.730194488899813,2,,egyptindependent.com.1660
2917,HUMAN,14,99.5,0.790237984407958,2,,egyptindependent.com.1660
2918,HUMAN,10,98.5,0.715399528473081,2,,express.co.uk.11069
2919,HUMAN,17,98.0,0.675862585153242,2,,express.co.uk.11069
2920,HUMAN,3,99.5,0.727710479379734,2,,guardian.260742
2921,HUMAN,18,99.0,0.892266442930533,2,,allafrica.15229
2936,HUMAN,4,98.0,0.788217195694926,2,,cnbc.com.33915
2937,HUMAN,21,99.5,0.790237984407958,2,,guardian.260714
2938,HUMAN,22,99.0,0.770223485905243,2,,guardian.260714
2939,HUMAN,5,99.5,0.790237984407958,2,,egyptindependent.com.1660
2940,HUMAN,6,99.0,0.770223485905243,2,,egyptindependent.com.1660
2941,HUMAN,19,99.0,0.76963117146589,2,,egyptindependent.com.1660
2942,HUMAN,20,100.0,0.810252482910673,2,,egyptindependent.com.1660
2944,HUMAN,11,99.0,0.754936471792919,2,,express.co.uk.11069
2946,HUMAN,0,99.5,0.727710479379734,2,,guardian.260742
2948,HUMAN,10,98.5,0.639591709376774,2,,guardian.260742
2949,HUMAN,18,98.5,0.639591709376774,2,,guardian.260742
2952,HUMAN,16,98.0,0.569673003850989,2,,dailymail.co.uk.365139
2954,HUMAN,22,98.0,0.569673003850989,2,,dailymail.co.uk.365139
2956,HUMAN,16,98.0,0.569673003850989,2,,rte.en.ie.5281
2968,HUMAN,3,98.5,0.715399528473081,2,,express.co.uk.11069
2969,HUMAN,14,98.0,0.675862585153242,2,,express.co.uk.11069
2970,HUMAN,9,98.5,0.632167840743819,4,,guardian.260742
2971,HUMAN,1,98.5,0.832774134582801,2,,allafrica.15229
2973,HUMAN,20,99.5,0.924271051594181,2,,allafrica.15229
2990,HUMAN,4,98.5,0.810030196330557,2,,upi.205690
2992,HUMAN,11,99.0,0.770223485905243,2,,egyptindependent.com.1660
2993,HUMAN,22,98.0,0.730194488899813,2,,egyptindependent.com.1660
2994,HUMAN,20,98.0,0.675862585153242,2,,express.co.uk.11069
2997,HUMAN,9,99.0,0.892266442930533,2,,allafrica.15229
2998,HUMAN,17,99.0,0.892266442930533,2,,allafrica.15229
3016,HUMAN,3,98.0,0.784800040541552,2,,reuters.276539
3017,HUMAN,5,98.0,0.788217195694926,2,,reuters.276539
3018,HUMAN,5,99.0,0.831843196966185,2,,cnn.385734
3021,HUMAN,26,100.0,0.810252482910673,2,,guardian.260714
3022,HUMAN,4,98.0,0.730194488899813,2,,egyptindependent.com.1660
3023,HUMAN,7,99.0,0.754936471792919,2,,express.co.uk.11069
3026,HUMAN,13,99.0,0.754936471792919,2,,express.co.uk.11069
3027,HUMAN,27,99.0,0.770223485905243,2,,egyptindependent.com.1660
3028,HUMAN,15,99.5,0.790237984407958,2,,egyptindependent.com.1660
3036,HUMAN,11,98.0,0.788217195694926,2,,cnbc.com.33915
3037,HUMAN,9,99.5,0.850239042448442,2,,cnbc.com.33915
3038,HUMAN,8,98.0,0.788217195694926,2,,cnbc.com.33915
3057,HUMAN,24,98.0,0.569673003850989,2,,rte.en.ie.5281
3060,HUMAN,11,98.0,0.569673003850989,2,,dailymail.co.uk.365139
3061,HUMAN,11,98.5,0.846517984424844,2,,allafrica.15229
3063,HUMAN,1,99.0,0.683651094378255,2,,guardian.260742
3069,HUMAN,2,98.5,0.604556465183369,2,,rte.en.ie.5281
3073,HUMAN,9,99.0,0.770223485905243,2,,egyptindependent.com.1660
3075,HUMAN,20,98.0,0.730194488899813,2,,guardian.260714
3076,HUMAN,13,99.0,0.770223485905243,2,,guardian.260714
3078,HUMAN,3,98.5,0.810030196330557,2,,cnbc.com.33915
3079,HUMAN,4,98.5,0.810030196330557,2,,cnn.385734
3080,HUMAN,10,98.5,0.810030196330557,2,,upi.205690
3103,HUMAN,7,99.0,0.797855516194332,1,,gateway-zh.135
3104,HUMAN,12,98.0,0.718781629554656,1,,gateway-zh.135
3105,HUMAN,13,98.0,0.718781629554656,1,,gateway-zh.135
3112,HUMAN,10,98.0,0.718781629554656,1,,gateway-zh.135
3113,HUMAN,1,98.0,0.626170996516144,1,,news.com.au.759144
3115,HUMAN,6,98.0,0.626170996516144,1,,news.com.au.759144
3116,HUMAN,4,98.0,0.626170996516144,1,,news.com.au.759144
3120,HUMAN,6,98.0,0.626170996516144,1,,kcal.268
3125,HUMAN,15,98.0,0.626170996516144,1,,kcal.268
3126,HUMAN,16,98.0,0.626170996516144,1,,kcal.268
3127,HUMAN,3,98.0,0.626170996516144,1,,cbsnews.302129
3128,HUMAN,7,98.0,0.626170996516144,1,,cbsnews.302129
3129,HUMAN,9,98.0,0.626170996516144,1,,cbsnews.302129
3130,HUMAN,12,99.0,0.701841207575497,1,,cbsnews.302129
3131,HUMAN,13,99.0,0.701841207575497,1,,cbsnews.302129
3132,HUMAN,14,100.0,0.777511418634849,1,,cbsnews.302129
3134,HUMAN,16,98.0,0.626170996516144,1,,cbsnews.302129
3136,HUMAN,0,98.0,1.12994374514268,1,,news.com.au.759099
3137,HUMAN,1,98.0,1.12994374514268,1,,news.com.au.759099
3138,HUMAN,3,98.0,1.12994374514268,1,,news.com.au.759099
3139,HUMAN,4,99.0,1.17283399927601,1,,news.com.au.759099
3140,HUMAN,5,99.0,1.17283399927601,1,,news.com.au.759099
3141,HUMAN,6,99.0,1.17283399927601,1,,news.com.au.759099
3144,HUMAN,9,99.0,1.17283399927601,1,,news.com.au.759099
3151,HUMAN,7,98.0,0.626170996516144,2,,kcal.268
3158,HUMAN,10,98.0,1.20823991378563,1,,independent.281701
3162,HUMAN,14,98.0,1.20823991378563,1,,independent.281701
3165,HUMAN,19,99.0,1.25778840317606,1,,independent.281701
3168,HUMAN,17,98.5,1.23301415848084,2,,independent.281701
3169,HUMAN,0,98.0,1.28524801300197,1,,huffingtonpost.com.19349
3170,HUMAN,6,98.0,1.28524801300197,2,,express.co.uk.11016
3176,HUMAN,3,99.0,1.32357929880579,2,,express.co.uk.11016
3178,HUMAN,1,100.0,1.09254359330268,1,,abcnews.364009
3179,HUMAN,5,100.0,1.09254359330268,1,,abcnews.364009
3190,HUMAN,3,98.0,1.31739989257695,1,,abcnews.363893
3195,HUMAN,6,98.0,1.31739989257695,1,,stv.tv.21635
3215,HUMAN,4,98.0,0.718781629554656,1,,gateway-zh.135
3216,HUMAN,5,98.0,0.718781629554656,1,,gateway-zh.135
3218,HUMAN,8,98.0,0.718781629554656,1,,gateway-zh.135
3220,HUMAN,11,98.0,0.718781629554656,1,,gateway-zh.135
3221,HUMAN,17,98.0,0.718781629554656,1,,gateway-zh.135
3223,HUMAN,20,98.0,0.718781629554656,1,,gateway-zh.135
3226,HUMAN,2,98.0,0.626170996516144,1,,news.com.au.759144
3228,HUMAN,1,98.0,0.626170996516144,1,,kcal.268
3229,HUMAN,2,99.0,0.701841207575497,1,,kcal.268
3230,HUMAN,3,98.0,0.626170996516144,1,,kcal.268
3232,HUMAN,13,98.0,0.626170996516144,1,,kcal.268
3233,HUMAN,14,98.0,0.626170996516144,1,,kcal.268
3234,HUMAN,17,99.0,0.701841207575497,1,,kcal.268
3238,HUMAN,1,98.0,0.626170996516144,1,,cbsnews.302129
3239,HUMAN,2,98.0,0.626170996516144,1,,cbsnews.302129
3241,HUMAN,5,98.0,0.626170996516144,1,,cbsnews.302129
3244,HUMAN,17,98.0,0.626170996516144,1,,cbsnews.302129
3245,HUMAN,19,98.0,0.626170996516144,1,,cbsnews.302129
3246,HUMAN,20,98.0,0.626170996516144,1,,cbsnews.302129
3247,HUMAN,21,98.0,0.626170996516144,1,,cbsnews.302129
3248,HUMAN,2,98.0,1.12994374514268,1,,news.com.au.759099
3250,HUMAN,14,98.0,1.12994374514268,1,,news.com.au.759099
3260,HUMAN,4,98.0,1.28524801300197,2,,express.co.uk.11016
3261,HUMAN,5,98.0,1.28524801300197,1,,express.co.uk.11016
3268,HUMAN,0,98.0,1.02024955900639,1,,abcnews.364009
3269,HUMAN,4,100.0,1.09254359330268,1,,abcnews.364009
3270,HUMAN,6,99.0,1.05639657615454,1,,abcnews.364009
3271,HUMAN,7,99.0,1.05639657615454,1,,abcnews.364009
3297,HUMAN,8,99.0,0.701841207575497,1,,cbsnews.302129
3300,HUMAN,3,98.0,1.02024955900639,1,,abcnews.364009
3308,OPPO.1489,3,99.5,0.837580557164949,2,,independent.281701
3310,OPPO.1489,17,99.5,0.938014901436228,2,,en.ndtv.com.12997
3333,OPPO.1489,15,98.0,0.659279476578052,2,,independent.281701
3336,OPPO.1489,14,99.5,0.938014901436228,2,,en.ndtv.com.12997
3367,OPPO.1489,14,98.0,0.698765517122141,2,,independent.281701
3369,OPPO.1489,11,99.3333333333333,0.86093098017768,3,,dailymail.co.uk.365144
3370,OPPO.1489,8,99.0,0.878522593088493,2,,en.ndtv.com.12997
3371,OPPO.1489,15,98.0,0.800769525919154,2,,en.ndtv.com.12997
3400,OPPO.1489,4,99.5,0.817837536892904,2,,independent.281701
3406,OPPO.1489,6,99.0,0.784727870393331,2,,independent.281701
3407,OPPO.1489,17,99.0,0.784727870393331,2,,independent.281701
3409,OPPO.1489,13,98.3333333333333,0.974484670534492,3,,oneindiaenglish.1488
3419,OPPO.1489,5,98.5,0.604556465183369,2,,foxnews.100074
3434,OPPO.1489,5,98.0,0.800769525919154,2,,en.ndtv.com.12997
3435,OPPO.1489,7,98.0,0.800769525919154,2,,en.ndtv.com.12997
3451,OPPO.1489,23,98.5,0.903908451347565,2,,cnbc.com.33987
3461,OPPO.1489,9,98.5,1.3759447094351,2,,thesun.co.uk.27296
3473,OPPO.1489,4,99.0,0.752465821980843,2,,seattletimes.7024
3474,OPPO.1489,7,98.6666666666667,0.758318104077199,3,,seattletimes.7024
3479,OPPO.1489,18,99.0,1.41818450166968,2,,thesun.co.uk.27296
3503,OPPO.1489,0,98.0,0.66931002627135,2,,seattletimes.7024
3504,OPPO.1489,15,99.0,0.752465821980843,2,,seattletimes.7024
3513,OPPO.1489,11,98.5,0.731875183621713,2,,independent.281701
3541,OPPO.1489,6,98.6666666666667,0.744723868537879,3,,seattletimes.7019
3563,OPPO.1489,8,98.5,0.723556367548503,2,,seattletimes.7024
3565,OPPO.1489,19,99.0,0.784727870393331,2,,independent.281701
3572,OPPO.1489,19,98.0,0.814513375761197,2,,en.ndtv.com.12997
3598,OPPO.1489,18,98.5,0.731875183621713,2,,independent.281701
3627,OPPO.1489,3,98.3333333333333,0.730599505507368,3,,seattletimes.7024
3628,OPPO.1489,12,98.5,0.710887924126096,2,,seattletimes.7024
3633,OPPO.1489,21,98.5,0.846517984424844,2,,en.ndtv.com.12997
3644,OPPO.1489,2,99.0,0.784727870393331,2,,independent.281701
3645,OPPO.1489,7,99.5,0.837580557164949,2,,independent.281701
3647,OPPO.1489,9,98.5,0.860261834266886,2,,en.ndtv.com.12997
3654,OPPO.1489,9,98.5,0.593386398077157,2,,foxnews.100074
3672,OPPO.1489,2,98.5,0.710887924126096,2,,seattletimes.7024
3673,OPPO.1489,5,99.0,0.784727870393331,2,,independent.281701
3674,OPPO.1489,8,98.5,0.751618203893758,2,,independent.281701
3675,OPPO.1489,9,98.5,0.751618203893758,2,,independent.281701
3677,OPPO.1489,6,98.0,0.800769525919154,2,,en.ndtv.com.12997
3678,OPPO.1489,18,99.0,0.892266442930533,2,,en.ndtv.com.12997
3679,OPPO.1489,20,99.5,0.938014901436228,2,,en.ndtv.com.12997
3701,OPPO.1489,9,98.0,0.764228490119103,3,,en.ndtv.com.13155
3712,OPPO.1489,14,99.0,1.41818450166968,2,,thesun.co.uk.27296
3713,OPPO.1489,2,99.0,1.41818450166968,2,,thesun.co.uk.27296
3714,OPPO.1489,15,99.0,1.41818450166968,2,,thesun.co.uk.27296
3721,OPPO.1489,8,98.0,0.569673003850989,2,,foxnews.100074
3729,OPPO.1489,10,99.5,0.837580557164949,2,,independent.281701
3731,OPPO.1489,0,98.6666666666667,0.750296876050711,3,,seattletimes.7019
3733,OPPO.1489,3,98.6666666666667,0.790460731148857,3,,dailymail.co.uk.365144
3770,OPPO.1489,2,98.0,0.718781629554656,1,,abcnews.363893
3773,OPPO.1489,4,99.0,0.853178463979404,1,,dailymail.co.uk.365301
3776,OPPO.1489,10,98.0,0.770022668269911,1,,dailymail.co.uk.365301
3777,OPPO.1489,11,98.0,0.770022668269911,1,,dailymail.co.uk.365301
3778,OPPO.1489,12,98.0,0.770022668269911,1,,dailymail.co.uk.365301
3781,OPPO.1489,3,98.0,0.629442516919245,2,,rte.en.ie.5307
3782,OPPO.1489,7,98.5,0.671020414773992,2,,rte.en.ie.5307
3783,OPPO.1489,11,98.5,0.671020414773992,2,,rte.en.ie.5307
3785,OPPO.1489,16,98.5,0.671020414773992,2,,rte.en.ie.5307
3786,OPPO.1489,18,99.0,0.712598312628738,2,,rte.en.ie.5307
3787,OPPO.1489,19,99.0,0.712598312628738,2,,rte.en.ie.5307
3789,OPPO.1489,2,98.0,0.626170996516144,1,,scotsman.155291
3790,OPPO.1489,4,98.0,0.626170996516144,1,,scotsman.155291
3791,OPPO.1489,6,99.0,0.701841207575497,1,,scotsman.155291
3792,OPPO.1489,7,98.0,0.626170996516144,1,,scotsman.155291
3793,OPPO.1489,9,98.0,0.626170996516144,1,,scotsman.155291
3794,OPPO.1489,10,98.0,0.626170996516144,1,,scotsman.155291
3795,OPPO.1489,11,99.0,0.701841207575497,1,,scotsman.155291
3796,OPPO.1489,13,99.0,0.701841207575497,1,,scotsman.155291
3797,OPPO.1489,14,98.0,0.626170996516144,1,,scotsman.155291
3799,OPPO.1489,5,98.0,1.12994374514268,1,,news.com.au.759047
3805,OPPO.1489,12,99.0,1.17283399927601,1,,news.com.au.759047
3812,OPPO.1489,8,98.0,0.909467444238116,2,,express.co.uk.11069
3830,OPPO.1489,12,98.0,2.20609403488862,1,,thesun.co.uk.27219
3831,OPPO.1489,15,98.0,2.20609403488862,1,,thesun.co.uk.27219
3893,OPPO.1489,17,98.5,0.939322254325698,2,,express.co.uk.11069
3902,OPPO.1489,5,98.0,0.718781629554656,1,,abcnews.363893
3903,OPPO.1489,6,98.0,0.718781629554656,1,,abcnews.363893
3906,OPPO.1489,5,98.0,0.770022668269911,1,,dailymail.co.uk.365301
3910,OPPO.1489,5,99.5,0.74245312271632,2,,rte.en.ie.5307
3912,OPPO.1489,9,98.0,0.61771942915208,2,,rte.en.ie.5307
3913,OPPO.1489,10,98.5,0.671020414773992,2,,rte.en.ie.5307
3915,OPPO.1489,14,98.5,0.671020414773992,2,,rte.en.ie.5307
3916,OPPO.1489,15,99.0,0.712598312628738,2,,rte.en.ie.5307
3917,OPPO.1489,17,99.0,0.712598312628738,2,,rte.en.ie.5307
3922,OPPO.1489,2,98.0,1.12994374514268,1,,news.com.au.759047
3923,OPPO.1489,3,99.0,1.17283399927601,1,,news.com.au.759047
3924,OPPO.1489,9,98.0,1.12994374514268,1,,news.com.au.759047
4027,OPPO.1489,8,98.0,0.96966144623017,1,,chicagodefender.80
4029,OPPO.1489,4,98.5,0.671020414773992,2,,rte.en.ie.5307
4031,OPPO.1489,3,98.0,0.626170996516144,1,,scotsman.155291
4042,OPPO.1489,4,98.0,1.12994374514268,1,,news.com.au.759047
4044,OPPO.1489,0,100.0,0.686444751513692,1,,en.ndtv.com.13009
4050,OPPO.1489,1,99.0,1.66220857730266,1,,abcnews.363906
4052,OPPO.1489,4,99.0,0.68600012117879,1,,en.ndtv.com.13004
4053,OPPO.1489,7,99.0,0.68600012117879,1,,en.ndtv.com.13004
4055,OPPO.1489,15,99.0,0.778820371027026,1,,en.ndtv.com.13158
4056,OPPO.1489,19,99.0,0.778820371027026,1,,en.ndtv.com.13158
4058,OPPO.1489,5,100.0,0.688980399812942,1,,news.com.au.759149
4062,OPPO.1489,0,99.0,0.63222748384812,1,,news.com.au.759149
4064,OPPO.1489,8,99.0,0.63222748384812,1,,news.com.au.759149
4072,OPPO.1489,3,98.0,1.63156878785929,1,,abcnews.363906
4073,OPPO.1489,2,99.0,1.66220857730266,1,,abcnews.363906
4075,OPPO.1489,11,98.0,1.63156878785929,1,,abcnews.363906
4079,OPPO.1489,7,99.0,0.709502564133494,1,,allafrica.15247
4081,OPPO.1489,21,99.0,0.778820371027026,1,,en.ndtv.com.13158
4082,OPPO.1489,7,99.0,0.63222748384812,1,,news.com.au.759149
4083,OPPO.1489,19,99.0,0.63222748384812,1,,news.com.au.759149
4084,OPPO.1489,7,99.0,0.630681571049541,1,,en.ndtv.com.13009
4086,OPPO.1489,0,99.0,1.66220857730266,1,,abcnews.363906
4089,OPPO.1489,1,99.0,0.778820371027026,1,,en.ndtv.com.13158
4092,OPPO.1489,3,99.0,0.68600012117879,1,,en.ndtv.com.13004
4096,OPPO.1489,18,99.0,0.778820371027026,1,,en.ndtv.com.13158
4099,OPPO.1489,2,99.0,0.68600012117879,1,,huffingtonpost.com.19355
4101,OPPO.1489,6,98.0,0.627741087533033,1,,huffingtonpost.com.19355
4105,OPPO.1489,10,98.0,0.862145129421236,1,,cnbc.com.33999
4108,OPPO.1489,10,98.0,1.63156878785929,1,,abcnews.363906
4112,OPPO.1489,4,100.0,0.744259154824548,1,,cnn.385803
4113,OPPO.1489,5,99.0,0.778820371027026,1,,en.ndtv.com.13158
4118,OPPO.1489,24,99.0,0.63222748384812,1,,news.com.au.759149
4127,OPPO.1489,8,99.0,0.778820371027026,1,,en.ndtv.com.13158
4128,OPPO.1489,16,99.0,0.778820371027026,1,,en.ndtv.com.13158
4136,OPPO.1489,0,98.0,0.654672381433842,1,,allafrica.15247
4137,OPPO.1489,3,98.0,0.574918390585391,1,,en.ndtv.com.13009
4138,OPPO.1489,6,100.0,0.686444751513692,1,,en.ndtv.com.13009
4140,OPPO.1489,10,98.0,0.574918390585391,1,,en.ndtv.com.13009
4145,OPPO.1489,9,99.0,0.778820371027026,1,,en.ndtv.com.13158
4146,OPPO.1489,22,99.0,0.63222748384812,1,,news.com.au.759149
4147,OPPO.1489,5,98.0,0.862145129421236,1,,cnbc.com.33999
4152,OPPO.1489,7,99.0,1.66220857730266,1,,abcnews.363906
4156,OPPO.1489,6,99.0,0.68600012117879,1,,en.ndtv.com.13004
4158,OPPO.1489,0,99.0,0.709502564133494,1,,independent.280913
4159,OPPO.1489,20,99.0,0.778820371027026,1,,en.ndtv.com.13158
4167,OPPO.1489,11,99.0,0.920655148384333,1,,cnbc.com.33999
4174,OPPO.1489,8,99.0,0.68600012117879,1,,en.ndtv.com.13004
4176,OPPO.1489,8,99.0,0.709502564133494,1,,allafrica.15247
4179,OPPO.1489,4,99.0,0.63222748384812,1,,news.com.au.759149
4189,OPPO.1489,18,98.0,1.63156878785929,1,,abcnews.363906
4191,OPPO.1489,0,99.0,0.68600012117879,1,,cnn.385803
4192,OPPO.1489,8,98.0,0.654672381433842,1,,independent.280913
4195,OPPO.1489,2,99.0,0.63222748384812,1,,news.com.au.759149
4196,OPPO.1489,10,99.0,0.63222748384812,1,,news.com.au.759149
4198,OPPO.1489,16,98.0,0.575474567883298,1,,news.com.au.759149
4199,OPPO.1489,21,99.0,0.63222748384812,1,,news.com.au.759149
4206,OPPO.1489,1,99.0,0.68600012117879,1,,cnn.385803
4207,OPPO.1489,2,99.0,0.778820371027026,1,,en.ndtv.com.13158
4212,OPPO.1489,9,99.0,1.66220857730266,1,,abcnews.363906
4215,OPPO.1489,5,99.0,0.68600012117879,1,,huffingtonpost.com.19355
4216,OPPO.1489,1,99.0,0.630681571049541,1,,en.ndtv.com.13009
4218,OPPO.1489,17,98.0,0.725256384023791,1,,en.ndtv.com.13158
4221,OPPO.1489,2,99.0,0.68600012117879,1,,en.ndtv.com.13004
4230,OPPO.1489,12,99.0,0.630681571049541,1,,en.ndtv.com.13009
4234,OPPO.1489,4,99.0,1.66220857730266,1,,abcnews.363906
4276,OPPO.1489,13,99.0,0.878073128619377,1,,guardian.260714
4323,OPPO.1489,24,99.0,0.878073128619377,1,,guardian.260714
4335,OPPO.1489,2,99.0,0.878073128619377,1,,guardian.260714
4342,OPPO.1489,3,98.0,0.82714081257417,1,,guardian.260714
4343,OPPO.1489,4,100.0,1.93739597453284,1,,standard.co.uk.14548
4363,OPPO.1489,6,99.0,1.89728010385197,1,,standard.co.uk.14548
4407,PROMT_NMT.374,9,98.5,0.639591709376774,2,,allafrica.15229
4409,PROMT_NMT.374,18,98.3333333333333,0.877039589931809,3,,en.ndtv.com.13158
4434,PROMT_NMT.374,8,99.0,0.668803357112346,2,,allafrica.15229
4435,PROMT_NMT.374,7,98.0,0.610380061641203,2,,sky.com.20669
4436,PROMT_NMT.374,7,98.0,0.862477700035059,3,,abcnews.363906
4452,PROMT_NMT.374,3,98.0,0.610380061641203,2,,allafrica.15229
4453,PROMT_NMT.374,5,98.0,0.625227798907112,2,,allafrica.15229
4455,PROMT_NMT.374,3,99.0,0.683651094378255,2,,sky.com.20669
4456,PROMT_NMT.374,0,99.0,0.746786457119224,3,,allafrica.15247
4457,PROMT_NMT.374,7,99.0,0.761525170862608,3,,allafrica.15247
4489,PROMT_NMT.374,1,99.0,0.668803357112346,2,,allafrica.15229
4491,PROMT_NMT.374,19,99.0,0.683651094378255,2,,allafrica.15229
4519,PROMT_NMT.374,11,98.0,0.625227798907112,2,,allafrica.15229
4521,PROMT_NMT.374,5,99.0,0.683651094378255,2,,sky.com.20669
4525,PROMT_NMT.374,5,98.6666666666667,0.895296677104836,3,,en.ndtv.com.13158
4555,PROMT_NMT.374,4,98.0,0.625227798907112,2,,allafrica.15229
4557,PROMT_NMT.374,21,99.0,0.683651094378255,2,,allafrica.15229
4577,PROMT_NMT.374,12,98.5,0.654439446642683,2,,allafrica.15229
4596,PROMT_NMT.374,7,98.0,1.31125489497345,2,,gateway-zh.135
4634,PROMT_NMT.374,13,99.5,0.727710479379734,2,,allafrica.15229
4635,PROMT_NMT.374,20,99.5,0.712862742113826,2,,allafrica.15229
4653,PROMT_NMT.374,4,99.0,0.683651094378255,2,,sky.com.20669
4659,PROMT_NMT.374,21,98.0,0.802518822744276,3,,rte.en.ie.5281
4682,PROMT_NMT.374,20,98.6666666666667,0.895296677104836,3,,en.ndtv.com.13158
4684,PROMT_NMT.374,12,98.0,0.795576371082874,3,,rte.en.ie.5281
4703,PROMT_NMT.374,0,98.0,0.685136690894129,2,,guardian.260742
4732,PROMT_NMT.374,10,99.5,0.727710479379734,2,,sky.com.20669
4765,PROMT_NMT.374,10,98.3333333333333,0.811641914939301,3,,rte.en.ie.5371
4775,PROMT_NMT.374,16,98.0,1.12994374514268,1,,cbsnews.302129
4786,PROMT_NMT.374,12,100.0,1.30733689256649,1,,dailymail.co.uk.365139
4793,PROMT_NMT.374,1,99.5,1.07036547781832,2,,kazakhtv-en.603
4884,PROMT_NMT.374,12,98.0,1.13910508324311,1,,cnn.385761
4886,PROMT_NMT.374,17,98.0,1.13910508324311,1,,cnn.385761
4887,PROMT_NMT.374,23,99.0,1.16955022779057,1,,cnn.385761
4899,PROMT_NMT.374,0,99.0,1.34675045273239,1,,seattletimes.7164
4900,PROMT_NMT.374,1,98.0,1.31739989257695,1,,seattletimes.7164
4902,PROMT_NMT.374,5,98.0,1.31739989257695,1,,seattletimes.7164
4993,PROMT_NMT.374,8,99.0,1.01346516740296,2,,en.ndtv.com.12992
5003,PROMT_NMT.374,22,99.0,1.01456036045248,2,,en.ndtv.com.12992
5007,PROMT_NMT.374,14,100.0,1.21572425340935,1,,cbsnews.302129
5034,PROMT_NMT.374,15,98.0,1.20823991378563,1,,dailymail.co.uk.365139
5035,PROMT_NMT.374,18,99.0,1.25778840317606,1,,dailymail.co.uk.365139
5036,PROMT_NMT.374,19,99.0,1.25778840317606,1,,dailymail.co.uk.365139
5037,PROMT_NMT.374,20,99.0,1.25778840317606,1,,dailymail.co.uk.365139
5038,PROMT_NMT.374,21,99.0,1.25778840317606,1,,dailymail.co.uk.365139
5126,PROMT_NMT.374,11,99.0,1.16955022779057,1,,cnn.385761
5127,PROMT_NMT.374,13,99.0,1.16955022779057,1,,cnn.385761
5134,PROMT_NMT.374,22,98.0,1.13910508324311,1,,cnn.385761
5150,PROMT_NMT.374,11,98.0,1.31739989257695,1,,seattletimes.7164
5152,PROMT_NMT.374,13,100.0,1.37610101288783,1,,seattletimes.7164
5257,PROMT_NMT.374,5,98.5,0.868669735508491,2,,rte.en.ie.5371
5277,PROMT_NMT.374,17,98.0,1.12994374514268,1,,cbsnews.302129
5279,PROMT_NMT.374,18,98.0,1.12994374514268,1,,cbsnews.302129
5310,PROMT_NMT.374,9,99.0,0.630681571049541,1,,brisbanetimes.com.au.225974
5313,PROMT_NMT.374,3,99.0,0.838990038050595,1,,reuters.276672
5333,PROMT_NMT.374,9,99.0,0.63222748384812,1,,en.ndtv.com.13141
5337,PROMT_NMT.374,7,99.0,0.68600012117879,1,,dailymail.co.uk.365293
5345,PROMT_NMT.374,4,99.0,0.715119771801161,2,,express.co.uk.11016
5360,PROMT_NMT.374,11,99.0,0.68600012117879,1,,dailymail.co.uk.365293
5363,PROMT_NMT.374,19,99.0,0.820294307600073,1,,en.ndtv.com.13155
5364,PROMT_NMT.374,0,99.0,0.63222748384812,1,,en.ndtv.com.13141
5365,PROMT_NMT.374,2,99.0,0.63222748384812,1,,en.ndtv.com.13141
5366,PROMT_NMT.374,7,99.0,0.63222748384812,1,,en.ndtv.com.13141
5371,PROMT_NMT.374,12,99.0,0.630681571049541,1,,brisbanetimes.com.au.225974
5373,PROMT_NMT.374,11,99.0,0.838990038050595,1,,reuters.276672
5375,PROMT_NMT.374,2,99.0,0.838990038050595,1,,news.com.au.759047
5385,PROMT_NMT.374,3,100.0,0.879268004351631,1,,news.com.au.759047
5386,PROMT_NMT.374,16,99.0,0.838990038050595,1,,reuters.276672
5391,PROMT_NMT.374,1,98.0,1.09811383613066,1,,en.ndtv.com.13004
5404,PROMT_NMT.374,18,100.0,0.879268004351631,1,,reuters.276672
5417,PROMT_NMT.374,6,99.0,1.02726848339667,1,,allafrica.15323
5422,PROMT_NMT.374,5,99.0,0.715119771801161,1,,express.co.uk.11016
5423,PROMT_NMT.374,10,99.0,0.838990038050595,1,,news.com.au.759099
5425,PROMT_NMT.374,13,99.0,0.838990038050595,1,,reuters.276672
5434,PROMT_NMT.374,6,98.0,1.09811383613066,1,,en.ndtv.com.13004
5438,PROMT_NMT.374,14,98.0,0.574918390585391,1,,brisbanetimes.com.au.225974
5450,PROMT_NMT.374,5,99.0,1.13267288683501,1,,en.ndtv.com.13004
5466,PROMT_NMT.374,9,99.0,1.47766114208455,1,,reuters.276539
5478,PROMT_NMT.374,6,99.0,0.715119771801161,1,,express.co.uk.11016
5480,PROMT_NMT.374,8,99.0,0.630681571049541,1,,brisbanetimes.com.au.225974
5482,PROMT_NMT.374,20,99.0,0.838990038050595,1,,news.com.au.759099
5484,PROMT_NMT.374,14,99.0,0.838990038050595,1,,reuters.276672
5500,PROMT_NMT.374,5,99.0,0.63222748384812,2,,en.ndtv.com.13141
5501,PROMT_NMT.374,2,99.0,0.715119771801161,1,,express.co.uk.11016
5503,PROMT_NMT.374,5,99.0,0.630681571049541,1,,brisbanetimes.com.au.225974
5504,PROMT_NMT.374,11,99.5,0.859129021201113,2,,news.com.au.759099
5508,PROMT_NMT.374,10,99.0,0.838990038050595,1,,reuters.276672
5511,PROMT_NMT.374,2,100.0,0.879268004351631,1,,news.com.au.759099
5534,PROMT_NMT.374,10,98.0,0.653630539488077,1,,express.co.uk.11016
5560,PROMT_NMT.374,13,99.0,0.715119771801161,1,,express.co.uk.11016
5584,PROMT_NMT.374,18,100.0,0.879268004351631,2,,news.com.au.759099
5586,PROMT_NMT.374,13,99.0,0.838990038050595,1,,news.com.au.759099
5588,PROMT_NMT.374,7,99.0,0.715119771801161,1,,express.co.uk.11016
5613,PROMT_NMT.374,14,99.0,0.838990038050595,1,,news.com.au.759099
5626,PROMT_NMT.374,16,99.0,0.838990038050595,1,,news.com.au.759099
5627,PROMT_NMT.374,21,99.0,0.838990038050595,1,,news.com.au.759099
5631,PROMT_NMT.374,5,99.0,0.838990038050595,1,,news.com.au.759047
5660,PROMT_NMT.374,9,99.0,1.3853060063781,1,,en.ndtv.com.13007
5663,Online-B.1595,4,98.25,0.774748305740971,4,,guardian.260694
5698,Online-B.1595,6,98.5,0.771361224165802,2,,en.ndtv.com.13124
5724,Online-B.1595,7,98.3333333333333,0.747200503921053,3,,allafrica.15274
5725,Online-B.1595,8,98.0,0.732658503497299,3,,allafrica.15274
5730,Online-B.1595,19,98.0,0.748275346323279,4,,guardian.260694
5732,Online-B.1595,14,98.0,0.748275346323279,4,,guardian.260694
5733,Online-B.1595,6,98.75,0.815154957672482,4,,guardian.260694
5735,Online-B.1595,5,98.5,0.731875183621713,2,,en.ndtv.com.13124
5736,Online-B.1595,8,99.0,0.784727870393331,2,,en.ndtv.com.13124
5761,Online-B.1595,13,99.0,0.683651094378255,2,,aj-english.8627
5763,Online-B.1595,3,98.5,0.792861753889414,4,,guardian.260694
5765,Online-B.1595,16,98.5,0.639591709376774,2,,aj-english.8627
5767,Online-B.1595,20,98.0,0.748275346323279,2,,guardian.260694
5785,Online-B.1595,2,99.0,0.784727870393331,2,,en.ndtv.com.13124
5793,Online-B.1595,3,99.0,0.776284504768559,3,,allafrica.15274
5833,Online-B.1595,18,98.0,0.748275346323279,2,,guardian.260694
5836,Online-B.1595,10,99.0,0.784727870393331,2,,en.ndtv.com.13124
5839,Online-B.1595,10,98.5,0.751618203893758,2,,reuters.276702
5840,Online-B.1595,15,99.5,0.837580557164949,2,,reuters.276702
5891,Online-B.1595,16,98.0,0.748275346323279,2,,guardian.260694
5893,Online-B.1595,7,98.5,0.731875183621713,2,,reuters.276702
5909,Online-B.1595,18,99.0,0.683651094378255,2,,aj-english.8627
5916,Online-B.1595,3,99.0,0.784727870393331,2,,reuters.276702
5932,Online-B.1595,12,99.0,0.683651094378255,2,,aj-english.8627
6042,Online-B.1595,5,99.0,0.804470890665375,2,,reuters.276702
6046,Online-B.1595,11,99.0,0.683651094378255,2,,aj-english.8627
6051,Online-B.1595,1,99.0,0.683651094378255,2,,aj-english.8627
6054,Online-B.1595,4,99.5,0.837580557164949,2,,reuters.276702
6081,Online-B.1595,2,98.0,0.978930443127517,2,,brisbanetimes.com.au.225974
6093,Online-B.1595,4,98.0,0.626170996516144,1,,dailymail.co.uk.365139
6094,Online-B.1595,6,98.0,0.626170996516144,1,,dailymail.co.uk.365139
6095,Online-B.1595,8,98.0,0.626170996516144,1,,dailymail.co.uk.365139
6099,Online-B.1595,17,98.0,0.626170996516144,1,,dailymail.co.uk.365139
6101,Online-B.1595,20,99.0,0.701841207575497,1,,dailymail.co.uk.365139
6102,Online-B.1595,21,98.0,0.626170996516144,1,,dailymail.co.uk.365139
6107,Online-B.1595,5,98.0,1.12994374514268,1,,metro.co.uk.12087
6110,Online-B.1595,1,98.0,1.12994374514268,1,,abcnews.363906
6112,Online-B.1595,4,99.0,1.17283399927601,1,,abcnews.363906
6114,Online-B.1595,7,99.0,1.17283399927601,1,,abcnews.363906
6122,Online-B.1595,22,98.0,1.12994374514268,1,,abcnews.363906
6127,Online-B.1595,3,99.0,1.25778840317606,1,,reuters.276654
6131,Online-B.1595,13,98.0,1.20823991378563,1,,reuters.276654
6224,Online-B.1595,7,98.0,1.12994374514268,1,,allafrica.15247
6238,Online-B.1595,3,98.0,0.739533996480772,3,,abcnews.363893
6242,Online-B.1595,5,98.0,0.626170996516144,1,,dailymail.co.uk.365139
6243,Online-B.1595,7,98.0,0.626170996516144,1,,dailymail.co.uk.365139
6246,Online-B.1595,13,99.0,0.701841207575497,1,,dailymail.co.uk.365139
6254,Online-B.1595,0,98.0,1.12994374514268,1,,abcnews.363906
6255,Online-B.1595,2,98.0,1.12994374514268,1,,abcnews.363906
6258,Online-B.1595,13,98.0,1.12994374514268,1,,abcnews.363906
6261,Online-B.1595,18,100.0,1.21572425340935,1,,abcnews.363906
6269,Online-B.1595,6,99.0,1.17283399927601,1,,allafrica.15247
6274,Online-B.1595,1,98.0,1.20823991378563,1,,reuters.276654
6275,Online-B.1595,2,99.0,1.25778840317606,1,,reuters.276654
6277,Online-B.1595,9,99.0,1.25778840317606,1,,reuters.276654
6281,Online-B.1595,15,98.0,1.20823991378563,1,,reuters.276654
6283,Online-B.1595,20,99.0,1.25778840317606,1,,reuters.276654
6286,Online-B.1595,2,98.0,1.28524801300197,1,,allafrica.15323
6387,Online-B.1595,6,99.0,0.654865958242455,2,,en.ndtv.com.13004
6393,Online-B.1595,17,98.0,0.655868156106218,1,,euronews-en.185713
6394,Online-B.1595,14,99.0,0.729685618808099,1,,euronews-en.185713
6395,Online-B.1595,9,100.0,0.798943723643615,1,,en.ndtv.com.12997
6406,Online-B.1595,7,99.0,0.68600012117879,1,,kazakhtv-en.603
6409,Online-B.1595,9,99.0,0.778820371027026,2,,latimes.431897
6410,Online-B.1595,2,99.0,0.572018161278072,1,,upi.205690
6415,Online-B.1595,9,99.0,0.630681571049541,1,,huffingtonpost.com.19327
6416,Online-B.1595,4,99.0,0.630681571049541,1,,huffingtonpost.com.19327
6423,Online-B.1595,3,99.0,0.654865958242455,2,,en.ndtv.com.13004
6424,Online-B.1595,1,99.0,0.654865958242455,2,,en.ndtv.com.13004
6434,Online-B.1595,15,98.0,0.671753121149162,1,,news.com.au.759058
6438,Online-B.1595,18,99.0,0.73761527080635,1,,egyptindependent.com.1660
6439,Online-B.1595,25,99.0,0.73761527080635,1,,egyptindependent.com.1660
6442,Online-B.1595,24,99.0,0.665167120373306,1,,seattletimes.7164
6456,Online-B.1595,10,99.0,0.665167120373306,1,,allafrica.15310
6459,Online-B.1595,6,99.0,0.630681571049541,1,,huffingtonpost.com.19327
6461,Online-B.1595,15,98.0,0.574918390585391,1,,huffingtonpost.com.19327
6462,Online-B.1595,10,98.0,0.691160421971626,1,,en.ndtv.com.12997
6465,Online-B.1595,11,99.0,0.630681571049541,1,,huffingtonpost.com.19327
6470,Online-B.1595,27,99.0,0.73761527080635,1,,egyptindependent.com.1660
6485,Online-B.1595,8,99.0,0.654865958242455,1,,en.ndtv.com.13004
6486,Online-B.1595,5,99.0,0.654865958242455,2,,en.ndtv.com.13004
6489,Online-B.1595,14,99.5,0.764451343938835,2,,news.com.au.759058
6491,Online-B.1595,11,99.0,0.729685618808099,1,,euronews-en.185713
6495,Online-B.1595,7,99.0,0.654865958242455,2,,en.ndtv.com.13004
6499,Online-B.1595,9,99.0,0.920655148384333,1,,allafrica.15264
6501,Online-B.1595,5,99.0,0.73761527080635,1,,egyptindependent.com.1660
6512,Online-B.1595,18,99.0,1.03196688330375,1,,thesun.co.uk.27296
6515,Online-B.1595,3,100.0,0.744259154824548,1,,kazakhtv-en.603
6516,Online-B.1595,4,100.0,0.744259154824548,1,,kazakhtv-en.603
6519,Online-B.1595,17,99.0,0.654865958242455,1,,dailymail.co.uk.365144
6520,Online-B.1595,8,99.0,0.778820371027026,1,,latimes.431897
6521,Online-B.1595,4,99.0,0.778820371027026,2,,latimes.431897
6522,Online-B.1595,3,99.0,0.572018161278072,1,,upi.205690
6524,Online-B.1595,5,99.0,0.665167120373306,1,,allafrica.15310
6525,Online-B.1595,8,99.0,0.665167120373306,1,,allafrica.15310
6526,Online-B.1595,6,98.0,0.599665680651661,1,,seattletimes.7164
6528,Online-B.1595,19,99.0,0.665167120373306,1,,seattletimes.7164
6532,Online-B.1595,14,98.0,0.574918390585391,1,,huffingtonpost.com.19327
6536,Online-B.1595,16,99.0,0.73761527080635,1,,egyptindependent.com.1660
6538,Online-B.1595,1,98.0,0.671753121149162,2,,news.com.au.759058
6542,Online-B.1595,7,99.0,1.47766114208455,1,,en.ndtv.com.13007
6543,Online-B.1595,7,98.0,0.995958867931972,1,,standard.co.uk.14568
6552,Online-B.1595,2,99.0,0.68600012117879,1,,kazakhtv-en.603
6553,Online-B.1595,5,99.0,0.68600012117879,1,,kazakhtv-en.603
6554,Online-B.1595,9,99.0,0.654865958242455,1,,dailymail.co.uk.365144
6556,Online-B.1595,4,99.0,0.733551936342277,1,,news.com.au.759058
6558,Online-B.1595,20,98.0,0.599665680651661,1,,seattletimes.7164
6559,Online-B.1595,8,99.0,0.74505207280762,1,,en.ndtv.com.12997
6566,Online-B.1595,16,99.0,0.729685618808099,1,,euronews-en.185713
6567,Online-B.1595,18,99.0,0.729685618808099,1,,euronews-en.185713
6569,Online-B.1595,17,99.0,0.920655148384333,1,,allafrica.15264
6571,Online-B.1595,11,99.0,0.73761527080635,1,,egyptindependent.com.1660
6572,Online-B.1595,14,99.0,0.73761527080635,1,,egyptindependent.com.1660
6587,Online-B.1595,3,99.0,0.654865958242455,1,,dailymail.co.uk.365144
6588,Online-B.1595,16,99.0,0.654865958242455,1,,dailymail.co.uk.365144
6590,Online-B.1595,8,99.0,0.572018161278072,1,,upi.205690
6592,Online-B.1595,11,99.0,0.665167120373306,1,,allafrica.15310
6595,Online-B.1595,6,99.0,0.74505207280762,1,,en.ndtv.com.12997
6596,Online-B.1595,11,99.0,0.74505207280762,1,,en.ndtv.com.12997
6597,Online-B.1595,1,98.0,0.655868156106218,1,,euronews-en.185713
6602,Online-B.1595,26,99.0,0.73761527080635,1,,egyptindependent.com.1660
6619,Online-B.1595,9,99.0,0.68600012117879,1,,kazakhtv-en.603
6620,Online-B.1595,4,99.0,0.654865958242455,1,,dailymail.co.uk.365144
6625,Online-B.1595,10,98.5,0.702652528745719,2,,news.com.au.759058
6626,Online-B.1595,3,99.0,0.665167120373306,1,,allafrica.15310
6627,Online-B.1595,4,99.0,0.665167120373306,1,,allafrica.15310
6629,Online-B.1595,25,99.0,0.665167120373306,1,,seattletimes.7164
6636,Online-B.1595,6,99.0,0.73761527080635,1,,egyptindependent.com.1660
6649,Online-B.1595,6,99.0,0.68600012117879,1,,kazakhtv-en.603
6650,Online-B.1595,2,99.0,0.654865958242455,2,,en.ndtv.com.13004
6651,Online-B.1595,1,99.0,0.68600012117879,1,,kazakhtv-en.603
6656,Online-B.1595,0,99.0,0.665167120373306,1,,seattletimes.7164
6660,Online-B.1595,6,100.0,0.803503081509981,1,,euronews-en.185713
6663,Online-B.1595,21,99.0,0.920655148384333,1,,allafrica.15264
6667,Online-B.1595,22,99.0,0.920655148384333,1,,allafrica.15264
6674,Online-B.1595,4,99.0,1.34748526063044,1,,dailymail.co.uk.365301
6680,Online-B.1595,11,99.0,0.654865958242455,1,,dailymail.co.uk.365144
6683,Online-B.1595,17,99.0,0.733551936342277,1,,news.com.au.759058
6687,Online-B.1595,18,99.0,0.74505207280762,1,,en.ndtv.com.12997
6688,Online-B.1595,20,99.0,0.74505207280762,1,,en.ndtv.com.12997
6689,Online-B.1595,2,99.0,0.729685618808099,1,,euronews-en.185713
6694,Online-B.1595,4,99.0,0.73761527080635,1,,egyptindependent.com.1660
6696,Online-B.1595,10,99.0,1.47766114208455,1,,en.ndtv.com.13007
6698,Online-B.1595,8,98.0,1.44727847235937,1,,en.ndtv.com.13007
6704,Online-B.1595,0,99.0,0.733551936342277,1,,news.com.au.759058
6709,Online-B.1595,5,99.0,0.74505207280762,1,,en.ndtv.com.12997
6711,Online-B.1595,15,99.0,0.74505207280762,1,,en.ndtv.com.12997
6712,Online-B.1595,21,99.0,0.74505207280762,1,,en.ndtv.com.12997
6713,Online-B.1595,4,99.0,0.729685618808099,1,,euronews-en.185713
6714,Online-B.1595,5,99.0,0.729685618808099,1,,euronews-en.185713
6715,Online-B.1595,7,99.0,0.729685618808099,1,,euronews-en.185713
6724,Online-B.1595,10,99.0,0.630681571049541,1,,huffingtonpost.com.19327
6726,Online-B.1595,14,99.0,0.74505207280762,1,,en.ndtv.com.12997
6727,Online-B.1595,2,99.0,0.74505207280762,1,,en.ndtv.com.12997
6729,Online-B.1595,0,99.0,0.665167120373306,1,,allafrica.15310
6730,Online-B.1595,16,98.0,0.671753121149162,1,,news.com.au.759058
6733,Online-B.1595,6,100.0,0.631727781453236,1,,upi.205690
6734,Online-B.1595,8,98.0,0.627741087533033,1,,kazakhtv-en.603
6735,Online-B.1595,0,99.0,0.68600012117879,1,,kazakhtv-en.603
6740,Online-B.1595,12,99.0,1.47766114208455,1,,en.ndtv.com.13007
6741,Online-B.1595,11,100.0,1.50804381180974,1,,en.ndtv.com.13007
6743,Online-B.1595,4,99.0,0.654865958242455,1,,en.ndtv.com.13004
6745,Online-B.1595,3,98.0,0.725256384023791,1,,latimes.431897
6750,Online-B.1595,15,99.0,0.729685618808099,1,,euronews-en.185713
6753,Online-B.1595,1,98.0,0.599665680651661,1,,allafrica.15310
6754,Online-B.1595,5,99.0,0.572018161278072,1,,upi.205690
6758,Online-B.1595,0,99.0,0.74505207280762,1,,en.ndtv.com.12997
6761,Online-B.1595,24,99.0,0.73761527080635,1,,egyptindependent.com.1660
6762,Online-B.1595,18,99.0,0.920655148384333,1,,allafrica.15264
6773,Online-B.1595,12,98.0,0.68402898160865,1,,egyptindependent.com.1660
6778,Online-B.1595,15,99.0,0.73761527080635,1,,egyptindependent.com.1660
6780,Online-B.1595,19,99.0,0.73761527080635,1,,egyptindependent.com.1660
6781,Online-B.1595,20,99.0,0.73761527080635,1,,egyptindependent.com.1660
6782,Online-B.1595,9,98.0,1.44727847235937,1,,en.ndtv.com.13007
6831,Online-B.1595,13,98.0,1.28153881560619,1,,voa-zimbabwe.640
6832,Online-B.1595,13,99.0,0.907631826203144,1,,express.co.uk.11069
6846,Online-B.1595,15,98.0,0.982639195749841,1,,reuters.276672
6847,Online-B.1595,15,99.0,0.907631826203144,1,,express.co.uk.11069
6854,Online-B.1595,16,99.0,0.907631826203144,1,,express.co.uk.11069
6863,Online-B.1595,17,99.0,0.907631826203144,1,,express.co.uk.11069
6869,Online-B.1595,18,99.0,0.907631826203144,1,,express.co.uk.11069
6902,Online-B.1595,3,98.0,0.854398288009411,1,,express.co.uk.11069
6921,Online-B.1595,5,99.0,0.907631826203144,2,,express.co.uk.11069
6951,Online-B.1595,8,99.0,0.907631826203144,1,,express.co.uk.11069
6973,Online-A.1577,0,99.0,0.822182583436826,3,,reuters.276576
6999,Online-A.1577,2,98.5,0.801221265158664,2,,rte.en.ie.5293
7039,Online-A.1577,7,99.0,0.831345149998187,3,,reuters.276576
7064,Online-A.1577,7,99.0,0.784727870393331,2,,en.ndtv.com.13139
7066,Online-A.1577,6,98.0,0.778366708022942,3,,express.co.uk.11069
7067,Online-A.1577,1,99.5,0.817837536892904,2,,en.ndtv.com.13139
7072,Online-A.1577,23,98.5,0.957116813674249,2,,kcal.279
7091,Online-A.1577,5,98.0,0.814513375761197,2,,en.ndtv.com.13124
7107,Online-A.1577,15,99.5,1.01790686550384,2,,kcal.279
7141,Online-A.1577,18,99.0,0.863839204255742,3,,express.co.uk.11069
7143,Online-A.1577,13,98.0,0.679022496850096,2,,en.ndtv.com.13139
7175,Online-A.1577,5,98.75,0.833382634084929,4,,seattletimes.7019
7180,Online-A.1577,6,99.0,0.784727870393331,4,,en.ndtv.com.13139
7225,Online-A.1577,18,99.0,0.822182583436826,3,,reuters.276576
7255,Online-A.1577,6,98.0,0.828257225603238,2,,en.ndtv.com.13124
7282,Online-A.1577,3,98.0,0.679022496850096,2,,en.ndtv.com.13139
7335,Online-A.1577,0,99.0,0.83744816145555,2,,rte.en.ie.5293
7338,Online-A.1577,15,98.25,0.687116084596339,4,,huffingtonpost.com.19311
7377,Online-A.1577,2,98.5,0.846517984424844,2,,en.ndtv.com.13124
7429,Online-A.1577,17,98.0,0.739848232986807,3,,reuters.276576
7438,Online-A.1577,2,99.5,0.837580557164949,2,,en.ndtv.com.13139
7441,Online-A.1577,15,98.6666666666667,0.800846177661061,3,,reuters.276576
7481,Online-A.1577,10,99.0,1.03975319721606,1,,sky.com.20669
7488,Online-A.1577,0,98.0,0.770022668269911,1,,cnbc.com.33934
7491,Online-A.1577,5,98.0,0.770022668269911,1,,cnbc.com.33934
7494,Online-A.1577,11,99.0,0.853178463979404,1,,cnbc.com.33934
7495,Online-A.1577,12,98.0,0.770022668269911,1,,cnbc.com.33934
7500,Online-A.1577,6,98.0,0.626170996516144,1,,reuters.276654
7509,Online-A.1577,20,98.0,0.626170996516144,1,,reuters.276654
7510,Online-A.1577,21,98.0,0.626170996516144,1,,reuters.276654
7524,Online-A.1577,16,99.0,1.25778840317606,1,,en.ndtv.com.12997
7530,Online-A.1577,3,100.0,1.21572425340935,1,,news.com.au.759144
7583,Online-A.1577,14,98.0,0.909081251414575,4,,thesun.co.uk.27296
7586,Online-A.1577,1,98.0,1.31739989257695,1,,allafrica.15274
7590,Online-A.1577,8,98.0,1.31739989257695,1,,allafrica.15274
7591,Online-A.1577,10,99.0,1.34675045273239,1,,allafrica.15274
7592,Online-A.1577,11,98.0,1.31739989257695,1,,allafrica.15274
7632,Online-A.1577,2,99.0,1.03975319721606,1,,sky.com.20669
7634,Online-A.1577,7,98.0,0.999724200210632,1,,sky.com.20669
7661,Online-A.1577,18,99.0,0.701841207575497,1,,reuters.276654
7662,Online-A.1577,19,99.0,0.701841207575497,1,,reuters.276654
7674,Online-A.1577,15,99.0,0.701841207575497,1,,brisbanetimes.com.au.225973
7675,Online-A.1577,16,98.0,0.626170996516144,1,,brisbanetimes.com.au.225973
7685,Online-A.1577,5,99.0,1.25778840317606,1,,en.ndtv.com.12997
7707,Online-A.1577,0,98.0,1.28524801300197,1,,allafrica.15344
7731,Online-A.1577,6,100.0,1.09254359330268,1,,upi.205690
7735,Online-A.1577,2,98.0,1.02024955900639,1,,express.co.uk.11016
7748,Online-A.1577,3,98.0,1.31739989257695,1,,allafrica.15274
7779,Online-A.1577,14,99.0,0.701841207575497,1,,brisbanetimes.com.au.225973
7780,Online-A.1577,8,98.0,1.02024955900639,1,,upi.205690
7781,Online-A.1577,9,98.0,1.02024955900639,1,,upi.205690
7804,Online-A.1577,9,99.0,0.733551936342277,1,,allafrica.15229
7806,Online-A.1577,3,99.0,0.733551936342277,1,,en.ndtv.com.13121
7818,Online-A.1577,12,99.0,1.02726848339667,1,,thesun.co.uk.27210
7835,Online-A.1577,27,99.0,0.654865958242455,1,,en.ndtv.com.12992
7853,Online-A.1577,9,98.0,0.595224249841502,1,,latimes.431897
7855,Online-A.1577,28,99.0,0.654865958242455,1,,en.ndtv.com.12992
7856,Online-A.1577,4,99.0,0.572018161278072,1,,allafrica.15186
7868,Online-A.1577,12,99.0,0.864819001963142,1,,express.co.uk.11013
7876,Online-A.1577,9,98.0,1.09811383613066,1,,standard.co.uk.14548
7884,Online-A.1577,9,98.0,0.595224249841502,1,,en.ndtv.com.12992
7888,Online-A.1577,5,100.0,0.798943723643615,1,,dailymail.co.uk.365293
7889,Online-A.1577,8,99.0,0.654865958242455,1,,latimes.431897
7891,Online-A.1577,1,99.0,0.654865958242455,1,,en.ndtv.com.12992
7893,Online-A.1577,15,99.0,0.654865958242455,1,,en.ndtv.com.12992
7894,Online-A.1577,1,99.0,0.864819001963142,1,,express.co.uk.11013
7909,Online-A.1577,1,99.0,0.572018161278072,1,,allafrica.15186
7926,Online-A.1577,3,99.0,0.733551936342277,1,,abcnews.363893
7933,Online-A.1577,6,98.5,0.839656971065174,2,,abcnews.364009
7950,Online-A.1577,7,99.0,0.572018161278072,1,,allafrica.15186
7952,Online-A.1577,13,99.0,0.733551936342277,1,,allafrica.15229
7954,Online-A.1577,11,99.0,0.74505207280762,1,,dailymail.co.uk.365293
7956,Online-A.1577,0,99.0,0.74505207280762,1,,metro.co.uk.12127
7968,Online-A.1577,0,99.0,0.733551936342277,1,,allafrica.15229
7980,Online-A.1577,2,99.0,0.572018161278072,1,,allafrica.15186
7984,Online-A.1577,3,99.0,0.74505207280762,1,,scotsman.155307
7988,Online-A.1577,4,99.0,0.74505207280762,1,,metro.co.uk.12127
7993,Online-A.1577,1,99.0,0.864819001963142,1,,abcnews.364009
8008,Online-A.1577,11,99.0,0.654865958242455,1,,en.ndtv.com.12992
8009,Online-A.1577,4,98.0,0.671753121149162,1,,abcnews.363893
8010,Online-A.1577,4,99.0,0.733551936342277,1,,allafrica.15229
8015,Online-A.1577,2,99.0,0.864819001963142,1,,abcnews.364009
8020,Online-A.1577,3,99.0,0.733551936342277,1,,allafrica.15229
8026,Online-A.1577,24,100.0,0.714507666643407,1,,en.ndtv.com.12992
8027,Online-A.1577,8,98.0,0.595224249841502,1,,en.ndtv.com.12992
8028,Online-A.1577,0,99.0,0.733551936342277,1,,abcnews.363893
8030,Online-A.1577,15,99.0,0.733551936342277,1,,allafrica.15229
8031,Online-A.1577,11,99.0,0.733551936342277,1,,allafrica.15229
8048,Online-A.1577,8,99.0,0.733551936342277,1,,allafrica.15229
8050,Online-A.1577,5,99.0,0.733551936342277,1,,allafrica.15229
8054,Online-A.1577,6,99.0,0.572018161278072,1,,allafrica.15186
8066,Online-A.1577,16,98.0,0.595224249841502,1,,en.ndtv.com.12992
8068,Online-A.1577,14,99.0,0.733551936342277,1,,allafrica.15229
8069,Online-A.1577,23,99.0,0.654865958242455,1,,en.ndtv.com.12992
8070,Online-A.1577,18,99.0,0.654865958242455,1,,en.ndtv.com.12992
8076,Online-A.1577,3,99.0,0.864819001963142,1,,abcnews.364009
8080,Online-A.1577,7,99.0,1.02726848339667,1,,thesun.co.uk.27210
8104,Online-A.1577,11,98.0,0.854398288009411,1,,dailymail.co.uk.365301
8122,Online-A.1577,1,98.0,1.33452499441409,1,,en.ndtv.com.13028
8123,Online-A.1577,1,99.0,0.907631826203144,1,,dailymail.co.uk.365301
8124,Online-A.1577,19,98.0,1.85716423317109,1,,allafrica.15239
8137,Online-A.1577,2,98.0,1.67975549259656,1,,seattletimes.7452
8142,Online-A.1577,3,99.0,1.71136846883814,1,,seattletimes.7452
8146,Online-A.1577,4,98.0,1.67975549259656,1,,seattletimes.7452
8147,Online-A.1577,4,99.0,1.3853060063781,1,,en.ndtv.com.13028
8152,Online-A.1577,5,98.0,1.85716423317109,1,,allafrica.15239
8172,ariel197197.1373,7,99.0,0.786965481363297,3,,en.ndtv.com.13028
8174,ariel197197.1373,4,98.6666666666667,0.802005938459633,3,,euronews-en.185713
8175,ariel197197.1373,10,98.0,0.767392256768496,4,,reuters.276702
8204,ariel197197.1373,14,99.5,0.790237984407958,2,,cnbc.com.33915
8227,ariel197197.1373,2,98.5,0.750208987402529,2,,cnbc.com.33915
8228,ariel197197.1373,9,99.0,0.770223485905243,2,,cnbc.com.33915
8230,ariel197197.1373,5,99.0,0.831730210170391,3,,euronews-en.185713
8232,ariel197197.1373,15,98.3333333333333,0.772281666748877,3,,euronews-en.185713
8255,ariel197197.1373,19,99.5,0.790237984407958,2,,cnbc.com.33915
8257,ariel197197.1373,7,98.5,0.79920664516564,2,,reuters.276702
8258,ariel197197.1373,5,98.0,0.697792666231026,3,,en.ndtv.com.13028
8260,ariel197197.1373,7,98.6666666666667,0.802005938459633,3,,euronews-en.185713
8280,ariel197197.1373,7,99.5,0.790237984407958,2,,cnbc.com.33915
8292,ariel197197.1373,8,98.6666666666667,0.757241209652539,3,,en.ndtv.com.13028
8295,ariel197197.1373,15,98.0,0.75647039704924,2,,reuters.276702
8300,ariel197197.1373,18,98.3333333333333,1.13098009914604,3,,aj-english.8627
8307,ariel197197.1373,8,98.0,0.569673003850989,2,,huffingtonpost.com.19327
8325,ariel197197.1373,16,98.6666666666667,0.802005938459633,3,,euronews-en.185713
8332,ariel197197.1373,11,98.5,0.604556465183369,2,,huffingtonpost.com.19327
8342,ariel197197.1373,5,99.5,0.790237984407958,2,,cnbc.com.33915
8345,ariel197197.1373,4,99.5,0.790237984407958,2,,cnbc.com.33915
8346,ariel197197.1373,20,99.5,0.790237984407958,2,,cnbc.com.33915
8364,ariel197197.1373,2,98.0,0.74255739503812,3,,euronews-en.185713
8365,ariel197197.1373,6,98.3333333333333,0.772281666748877,3,,euronews-en.185713
8400,ariel197197.1373,18,98.3333333333333,0.772281666748877,3,,euronews-en.185713
8405,ariel197197.1373,20,98.3333333333333,0.934591923542368,3,,egyptindependent.com.1660
8437,ariel197197.1373,13,98.6666666666667,0.802005938459633,3,,euronews-en.185713
8438,ariel197197.1373,4,98.0,0.767392256768496,4,,reuters.276702
8474,ariel197197.1373,13,99.5,0.790237984407958,2,,cnbc.com.33915
8489,ariel197197.1373,17,98.0,0.753703410063784,3,,euronews-en.185713
8514,ariel197197.1373,3,98.5,0.928903826565467,2,,sky.com.20669
8525,ariel197197.1373,5,98.5,0.918506948023909,2,,rte.en.ie.5307
8527,ariel197197.1373,10,98.5,0.918506948023909,2,,rte.en.ie.5307
8530,ariel197197.1373,18,99.5,0.963838295239815,2,,rte.en.ie.5307
8531,ariel197197.1373,19,99.0,0.941172621631865,2,,rte.en.ie.5307
8545,ariel197197.1373,3,98.0,0.626170996516144,1,,rte.en.ie.5293
8546,ariel197197.1373,0,98.0,1.20823991378563,1,,news.com.au.759149
8553,ariel197197.1373,10,99.0,1.25778840317606,1,,news.com.au.759149
8572,ariel197197.1373,14,98.0,1.28524801300197,1,,rte.en.ie.5281
8606,ariel197197.1373,8,98.0,1.13910508324311,1,,brisbanetimes.com.au.225974
8610,ariel197197.1373,12,100.0,1.19999537233803,1,,brisbanetimes.com.au.225974
8694,ariel197197.1373,6,99.0,1.34675045273239,1,,huffingtonpost.com.19397
8695,ariel197197.1373,7,99.0,1.34675045273239,1,,huffingtonpost.com.19397
8701,ariel197197.1373,6,98.0,0.908889328062751,2,,sky.com.20669
8708,ariel197197.1373,7,98.0,0.978930443127518,1,,rte.en.ie.5371
8709,ariel197197.1373,10,99.0,1.02426179034343,1,,rte.en.ie.5371
8714,ariel197197.1373,14,99.0,0.941172621631865,2,,rte.en.ie.5307
8715,ariel197197.1373,15,99.5,0.963838295239815,2,,rte.en.ie.5307
8716,ariel197197.1373,17,99.0,0.941172621631865,2,,rte.en.ie.5307
8718,ariel197197.1373,7,99.0,0.797855516194332,1,,allafrica.15224
8719,ariel197197.1373,10,98.0,0.718781629554656,1,,allafrica.15224
8720,ariel197197.1373,11,98.0,0.718781629554656,1,,allafrica.15224
8722,ariel197197.1373,1,98.0,0.626170996516144,1,,rte.en.ie.5293
8723,ariel197197.1373,2,99.0,0.701841207575497,1,,rte.en.ie.5293
8727,ariel197197.1373,9,98.0,1.20823991378563,1,,news.com.au.759149
8728,ariel197197.1373,12,99.0,1.25778840317606,1,,news.com.au.759149
8732,ariel197197.1373,17,98.0,1.20823991378563,1,,news.com.au.759149
8733,ariel197197.1373,18,99.0,1.25778840317606,1,,news.com.au.759149
8742,ariel197197.1373,12,99.0,1.32357929880579,1,,rte.en.ie.5281
8788,ariel197197.1373,14,99.0,1.00595878655285,2,,news.com.au.759058
8789,ariel197197.1373,16,98.5,0.991283506475128,2,,news.com.au.759058
8860,ariel197197.1373,4,98.0,0.895841274415956,2,,rte.en.ie.5307
8878,ariel197197.1373,14,99.0,0.878073128619377,1,,express.co.uk.11013
8885,ariel197197.1373,2,99.0,0.864819001963142,1,,allafrica.15310
8894,ariel197197.1373,3,99.0,0.715119771801161,2,,news.com.au.759047
8897,ariel197197.1373,4,99.0,0.778820371027026,1,,latimes.431897
8906,ariel197197.1373,1,99.0,0.807832396824578,1,,rte.en.ie.5312
8907,ariel197197.1373,1,99.0,0.654865958242455,1,,en.ndtv.com.13121
8908,ariel197197.1373,13,98.0,0.79547247496187,1,,cnn.385761
8909,ariel197197.1373,15,99.0,0.858083452920301,1,,cnn.385761
8911,ariel197197.1373,13,99.0,0.778820371027026,1,,voa-zimbabwe.640
8914,ariel197197.1373,9,99.0,0.778820371027026,2,,latimes.431897
8915,ariel197197.1373,6,99.0,0.715119771801161,1,,news.com.au.759047
8924,ariel197197.1373,2,98.0,2.05740591770376,1,,en.ndtv.com.13141
8948,ariel197197.1373,8,99.0,0.858083452920301,1,,cnn.385761
8949,ariel197197.1373,3,99.0,0.778820371027026,1,,voa-zimbabwe.640
8950,ariel197197.1373,12,99.0,0.778820371027026,2,,voa-zimbabwe.640
8955,ariel197197.1373,6,99.0,0.878073128619377,1,,upi.205690
8964,ariel197197.1373,11,98.0,0.862145129421236,1,,huffingtonpost.com.19357
8976,ariel197197.1373,23,99.0,0.858083452920301,1,,cnn.385761
8980,ariel197197.1373,3,99.0,0.715119771801161,1,,rte.en.ie.5291
8985,ariel197197.1373,0,99.0,0.733551936342277,1,,cnbc.com.33996
8986,ariel197197.1373,14,99.0,0.74505207280762,1,,en.ndtv.com.13155
8987,ariel197197.1373,6,100.0,0.920694430878732,1,,cnn.385761
8992,ariel197197.1373,7,98.0,1.18619201774433,1,,reuters.276672
8993,ariel197197.1373,6,100.0,1.05857809886136,1,,kazakhtv-en.603
8994,ariel197197.1373,8,99.0,1.02726848339667,1,,kazakhtv-en.603
9005,ariel197197.1373,5,100.0,0.714507666643407,1,,en.ndtv.com.13121
9022,ariel197197.1373,8,99.0,0.807832396824578,1,,rte.en.ie.5312
9026,ariel197197.1373,9,99.0,0.715119771801161,1,,seattletimes.7024
9027,ariel197197.1373,7,99.0,0.715119771801161,1,,news.com.au.759047
9032,ariel197197.1373,1,99.0,0.878073128619377,2,,upi.205690
9033,ariel197197.1373,10,99.0,0.878073128619377,2,,upi.205690
9039,ariel197197.1373,4,99.0,1.02726848339667,1,,kazakhtv-en.603
9047,ariel197197.1373,22,98.0,0.79547247496187,1,,cnn.385761
9050,ariel197197.1373,10,99.0,0.778820371027026,1,,latimes.431897
9052,ariel197197.1373,12,100.0,0.776609004114244,1,,seattletimes.7024
9063,ariel197197.1373,7,100.0,1.05857809886136,1,,kazakhtv-en.603
9072,ariel197197.1373,12,99.0,0.807832396824578,1,,rte.en.ie.5312
9082,ariel197197.1373,22,99.0,1.32191495976517,1,,allafrica.15239
9094,ariel197197.1373,3,98.0,0.595224249841502,1,,en.ndtv.com.13121
9095,ariel197197.1373,1,98.0,0.79547247496187,1,,cnn.385761
9106,ariel197197.1373,9,99.0,0.878073128619377,1,,express.co.uk.11013
9109,ariel197197.1373,15,98.0,0.862145129421236,1,,huffingtonpost.com.19357
9110,ariel197197.1373,22,99.0,0.920655148384333,1,,huffingtonpost.com.19357
9129,ariel197197.1373,8,99.0,0.778820371027026,1,,latimes.431897
9132,ariel197197.1373,3,100.0,0.776609004114244,1,,seattletimes.7024
9136,ariel197197.1373,5,99.0,0.733551936342277,1,,cnbc.com.33996
9141,ariel197197.1373,6,99.0,0.920655148384333,1,,huffingtonpost.com.19357
9155,ariel197197.1373,4,99.0,0.858083452920301,1,,cnn.385761
9157,ariel197197.1373,20,98.0,0.79547247496187,1,,cnn.385761
9161,ariel197197.1373,7,98.0,0.653630539488077,1,,seattletimes.7024
9162,ariel197197.1373,2,98.0,0.653630539488077,2,,news.com.au.759047
9163,ariel197197.1373,4,98.0,0.671753121149162,1,,cnbc.com.33996
9165,ariel197197.1373,0,99.0,0.878073128619377,1,,upi.205690
9175,ariel197197.1373,15,99.0,0.878073128619377,1,,express.co.uk.11013
9177,ariel197197.1373,9,99.0,0.715119771801161,1,,news.com.au.759047
9181,ariel197197.1373,1,99.5,0.805602364528643,2,,voa-zimbabwe.640
9193,ariel197197.1373,21,100.0,1.36229110392416,1,,allafrica.15239
9202,ariel197197.1373,7,99.0,0.858083452920301,1,,cnn.385761
9205,ariel197197.1373,5,100.0,0.83238435803026,1,,latimes.431897
9206,ariel197197.1373,4,99.0,0.778820371027026,1,,thelocal.77710
9208,ariel197197.1373,7,98.0,0.671753121149162,1,,cnbc.com.33996
9212,ariel197197.1373,7,99.0,0.778820371027026,1,,thelocal.77710
9216,ariel197197.1373,6,100.0,0.863296344426677,1,,rte.en.ie.5312
9225,ariel197197.1373,20,98.0,1.28153881560619,1,,allafrica.15239
9228,ariel197197.1373,25,98.0,0.862145129421236,1,,huffingtonpost.com.19357
9229,ariel197197.1373,5,99.0,0.920655148384333,1,,huffingtonpost.com.19357
9230,ariel197197.1373,2,99.0,0.878073128619377,1,,upi.205690
9239,ariel197197.1373,5,98.0,2.02271391712926,1,,en.ndtv.com.13004
9246,ariel197197.1373,18,99.0,0.858083452920301,1,,cnn.385761
9265,ariel197197.1373,0,99.0,0.715119771801161,1,,rte.en.ie.5291
9287,ariel197197.1373,12,99.0,1.01885884911327,1,,rte.en.ie.5332
9294,ariel197197.1373,13,99.0,1.71136846883814,1,,allafrica.15229
9315,ariel197197.1373,17,99.0,1.01885884911327,1,,rte.en.ie.5332
9317,ariel197197.1373,18,100.0,1.0550785024767,1,,rte.en.ie.5332
9321,ariel197197.1373,18,98.0,1.67975549259656,1,,allafrica.15229
9324,ariel197197.1373,19,99.0,1.01885884911327,1,,rte.en.ie.5332
9327,ariel197197.1373,20,99.0,1.01885884911327,1,,rte.en.ie.5332
9332,ariel197197.1373,22,99.0,1.01885884911327,1,,rte.en.ie.5332
9333,ariel197197.1373,22,99.0,1.71136846883814,1,,allafrica.15229
9334,ariel197197.1373,23,99.0,1.01885884911327,1,,rte.en.ie.5332
9338,ariel197197.1373,25,99.0,1.01885884911327,1,,rte.en.ie.5332
9346,ariel197197.1373,2,98.0,0.982639195749841,1,,rte.en.ie.5332
9355,ariel197197.1373,3,98.0,0.982639195749841,1,,rte.en.ie.5332
9356,ariel197197.1373,3,98.0,2.02271391712926,1,,en.ndtv.com.13004
9365,ariel197197.1373,4,99.0,1.01885884911327,1,,rte.en.ie.5332
9375,ariel197197.1373,5,99.0,1.01885884911327,1,,rte.en.ie.5332
9384,ariel197197.1373,6,99.0,1.01885884911327,1,,rte.en.ie.5332
9448,DiDi_NLP.1455,23,99.0,0.83057272779622,3,,en.ndtv.com.12992
9450,DiDi_NLP.1455,5,98.5,0.731875183621713,2,,allafrica.15323
9478,DiDi_NLP.1455,11,99.3333333333333,0.854209399998595,3,,en.ndtv.com.12992
9520,DiDi_NLP.1455,8,99.3333333333333,0.849060710330253,3,,en.ndtv.com.12992
9521,DiDi_NLP.1455,0,99.0,0.784727870393331,2,,news.com.au.759106
9553,DiDi_NLP.1455,0,99.0,0.784727870393331,2,,allafrica.15323
9612,DiDi_NLP.1455,21,98.0,0.879494012857795,2,,rte.en.ie.5281
9633,DiDi_NLP.1455,15,99.0,0.83057272779622,3,,en.ndtv.com.12992
9667,DiDi_NLP.1455,13,98.0,0.569673003850989,2,,voa-zimbabwe.640
9691,DiDi_NLP.1455,3,99.5,0.817837536892904,2,,allafrica.15323
9804,DiDi_NLP.1455,1,98.3333333333333,0.773591063641019,3,,en.ndtv.com.12992
9806,DiDi_NLP.1455,28,99.3333333333333,0.85906355987382,3,,en.ndtv.com.12992
9866,DiDi_NLP.1455,27,99.0,0.83057272779622,3,,en.ndtv.com.12992
9869,DiDi_NLP.1455,10,98.0,0.759662711189094,3,,en.ndtv.com.12992
9935,DiDi_NLP.1455,10,100.0,1.30733689256649,1,,scotsman.155315
9959,DiDi_NLP.1455,26,98.0,1.53079751100902,1,,egyptindependent.com.1660
10005,DiDi_NLP.1455,5,99.0,1.05639657615454,1,,allafrica.15264
10013,DiDi_NLP.1455,21,98.0,1.02024955900639,1,,allafrica.15264
10047,DiDi_NLP.1455,16,99.0,1.16955022779057,1,,guardian.260742
10049,DiDi_NLP.1455,18,99.0,1.16955022779057,1,,guardian.260742
10154,DiDi_NLP.1455,4,99.0,1.57741132072305,1,,egyptindependent.com.1660
10160,DiDi_NLP.1455,14,100.0,1.62402513043709,1,,egyptindependent.com.1660
10164,DiDi_NLP.1455,24,99.0,1.57741132072305,1,,egyptindependent.com.1660
10180,DiDi_NLP.1455,15,98.3333333333333,1.09981578456709,3,,euronews-en.185713
10193,DiDi_NLP.1455,15,98.0,1.53079751100902,1,,en.ndtv.com.13158
10208,DiDi_NLP.1455,9,99.0,1.05639657615454,1,,allafrica.15264
10213,DiDi_NLP.1455,19,99.0,1.05639657615454,1,,allafrica.15264
10242,DiDi_NLP.1455,13,99.0,1.16955022779057,1,,guardian.260742
10243,DiDi_NLP.1455,14,100.0,1.19999537233803,1,,guardian.260742
10320,DiDi_NLP.1455,9,99.0,0.709502564133494,1,,en.ndtv.com.13139
10324,DiDi_NLP.1455,12,99.0,0.572018161278072,2,,reuters.276654
10328,DiDi_NLP.1455,0,99.5,0.7644084154052,2,,en.ndtv.com.13141
10329,DiDi_NLP.1455,2,98.0,0.68402898160865,1,,allafrica.15229
10332,DiDi_NLP.1455,15,99.0,0.864819001963142,1,,allafrica.15239
10336,DiDi_NLP.1455,16,98.0,0.512308541102908,2,,reuters.276654
10337,DiDi_NLP.1455,7,99.0,0.572018161278072,1,,reuters.276654
10342,DiDi_NLP.1455,20,99.0,1.02726848339667,1,,abcnews.363906
10343,DiDi_NLP.1455,21,99.0,1.02726848339667,1,,abcnews.363906
10344,DiDi_NLP.1455,22,99.0,1.02726848339667,1,,abcnews.363906
10346,DiDi_NLP.1455,13,98.0,0.995958867931972,1,,abcnews.363906
10348,DiDi_NLP.1455,6,99.0,0.709502564133494,1,,en.ndtv.com.13139
10352,DiDi_NLP.1455,8,99.0,0.858083452920301,2,,scotsman.155284
10353,DiDi_NLP.1455,11,99.0,0.820294307600073,1,,aj-english.8627
10363,DiDi_NLP.1455,2,99.0,0.73761527080635,1,,kazakhtv-en.603
10364,DiDi_NLP.1455,8,100.0,0.791201560004051,1,,allafrica.15229
10366,DiDi_NLP.1455,2,99.0,0.864819001963142,1,,allafrica.15239
10374,DiDi_NLP.1455,19,98.0,0.995958867931972,1,,abcnews.363906
10377,DiDi_NLP.1455,9,99.0,0.665167120373306,2,,brisbanetimes.com.au.225973
10385,DiDi_NLP.1455,5,99.0,0.858083452920301,2,,scotsman.155284
10386,DiDi_NLP.1455,18,100.0,0.920694430878732,1,,scotsman.155284
10388,DiDi_NLP.1455,18,99.0,0.820294307600073,1,,aj-english.8627
10389,DiDi_NLP.1455,4,98.0,0.599665680651661,1,,abcnews.364009
10390,DiDi_NLP.1455,21,99.0,0.864819001963142,1,,allafrica.15239
10391,DiDi_NLP.1455,12,99.0,0.864819001963142,1,,allafrica.15239
10392,DiDi_NLP.1455,7,99.0,0.73761527080635,1,,kazakhtv-en.603
10407,DiDi_NLP.1455,4,99.0,0.920655148384333,1,,thelocal.77710
10411,DiDi_NLP.1455,14,98.0,0.995958867931972,1,,abcnews.363906
10412,DiDi_NLP.1455,15,98.0,0.995958867931972,1,,abcnews.363906
10417,DiDi_NLP.1455,1,100.0,0.871755681978998,1,,aj-english.8627
10425,DiDi_NLP.1455,3,99.0,0.73761527080635,1,,kazakhtv-en.603
10436,DiDi_NLP.1455,4,99.0,0.709502564133494,1,,en.ndtv.com.13139
10437,DiDi_NLP.1455,9,99.0,0.858083452920301,2,,scotsman.155284
10438,DiDi_NLP.1455,13,99.0,0.858083452920301,2,,scotsman.155284
10442,DiDi_NLP.1455,0,99.0,0.665167120373306,1,,brisbanetimes.com.au.225973
10451,DiDi_NLP.1455,16,99.0,0.864819001963142,1,,allafrica.15239
10455,DiDi_NLP.1455,9,98.0,0.995958867931973,2,,abcnews.363906
10458,DiDi_NLP.1455,4,99.0,0.665167120373306,1,,brisbanetimes.com.au.225973
10461,DiDi_NLP.1455,13,99.0,0.709502564133494,1,,en.ndtv.com.13139
10463,DiDi_NLP.1455,4,99.0,0.820294307600073,1,,aj-english.8627
10465,DiDi_NLP.1455,4,100.0,0.776609004114244,1,,news.com.au.759144
10466,DiDi_NLP.1455,18,99.0,0.572018161278072,1,,reuters.276654
10469,DiDi_NLP.1455,2,99.0,0.665167120373306,1,,abcnews.364009
10473,DiDi_NLP.1455,9,99.0,0.73761527080635,1,,allafrica.15229
10474,DiDi_NLP.1455,13,99.0,0.73761527080635,1,,allafrica.15229
10482,DiDi_NLP.1455,22,98.0,0.512308541102908,1,,reuters.276654
10485,DiDi_NLP.1455,16,99.0,0.665167120373306,2,,brisbanetimes.com.au.225973
10486,DiDi_NLP.1455,3,99.0,0.665167120373306,1,,abcnews.364009
10487,DiDi_NLP.1455,10,99.0,0.73761527080635,1,,allafrica.15229
10488,DiDi_NLP.1455,6,99.0,0.73761527080635,1,,allafrica.15229
10489,DiDi_NLP.1455,0,99.0,0.864819001963142,1,,allafrica.15239
10497,DiDi_NLP.1455,2,98.0,0.654672381433842,1,,en.ndtv.com.13139
10500,DiDi_NLP.1455,2,98.0,0.575474567883298,1,,guardian.260829
10501,DiDi_NLP.1455,0,99.0,0.715119771801161,1,,news.com.au.759144
10506,DiDi_NLP.1455,14,99.0,0.665167120373306,2,,brisbanetimes.com.au.225973
10510,DiDi_NLP.1455,3,99.0,0.73761527080635,1,,allafrica.15229
10520,DiDi_NLP.1455,11,98.0,0.654672381433842,1,,en.ndtv.com.13139
10531,DiDi_NLP.1455,5,100.0,0.791201560004051,1,,kazakhtv-en.603
10536,DiDi_NLP.1455,7,99.0,0.920655148384333,2,,thelocal.77710
10538,DiDi_NLP.1455,20,99.0,0.73761527080635,1,,allafrica.15229
10557,DiDi_NLP.1455,5,99.0,0.73761527080635,1,,en.ndtv.com.13141
10558,DiDi_NLP.1455,7,99.0,0.73761527080635,1,,en.ndtv.com.13141
10559,DiDi_NLP.1455,9,99.0,0.73761527080635,1,,en.ndtv.com.13141
10570,DiDi_NLP.1455,3,100.0,0.776609004114244,1,,news.com.au.759144
10571,DiDi_NLP.1455,9,99.0,0.572018161278072,1,,reuters.276654
10576,DiDi_NLP.1455,15,100.0,0.730668560094951,2,,brisbanetimes.com.au.225973
10577,DiDi_NLP.1455,6,99.0,0.665167120373306,1,,abcnews.364009
10578,DiDi_NLP.1455,1,99.0,0.665167120373306,1,,abcnews.364009
10583,DiDi_NLP.1455,5,99.0,0.820294307600073,1,,aj-english.8627
10588,DiDi_NLP.1455,7,99.0,0.709502564133494,1,,en.ndtv.com.13139
10589,DiDi_NLP.1455,1,99.0,0.709502564133494,1,,en.ndtv.com.13139
10597,DiDi_NLP.1455,9,99.0,0.920655148384333,1,,cnbc.com.33915
10601,DiDi_NLP.1455,16,99.0,0.820294307600073,1,,aj-english.8627
10604,DiDi_NLP.1455,5,99.0,0.665167120373306,1,,abcnews.364009
10609,DiDi_NLP.1455,3,100.0,0.764332746833146,1,,en.ndtv.com.13139
10611,DiDi_NLP.1455,12,98.0,0.995958867931972,1,,abcnews.363906
10616,DiDi_NLP.1455,18,99.0,0.864819001963142,1,,allafrica.15239
10617,DiDi_NLP.1455,1,99.0,0.864819001963142,1,,allafrica.15239
10618,DiDi_NLP.1455,11,99.0,0.864819001963142,1,,allafrica.15239
10626,DiDi_NLP.1455,1,99.0,0.73761527080635,1,,kazakhtv-en.603
10636,DiDi_NLP.1455,0,99.0,0.73761527080635,1,,kazakhtv-en.603
10642,DiDi_NLP.1455,18,100.0,1.05857809886136,1,,abcnews.363906
10658,DiDi_NLP.1455,10,98.0,1.33452499441409,1,,allafrica.15310
10690,DiDi_NLP.1455,17,99.0,1.3853060063781,1,,rte.en.ie.5307
10692,DiDi_NLP.1455,18,98.0,1.33452499441409,1,,rte.en.ie.5307
10695,DiDi_NLP.1455,1,99.0,1.32191495976517,1,,en.ndtv.com.13121
10701,DiDi_NLP.1455,23,99.0,1.3853060063781,1,,cnbc.com.33987
10764,Online-G.1560,3,99.0,0.772037756804067,3,,en.ndtv.com.12992
10787,Online-G.1560,11,98.3333333333333,0.751211401862817,3,,dailymail.co.uk.365139
10788,Online-G.1560,16,99.3333333333333,0.790955395459008,3,,en.ndtv.com.12992
10789,Online-G.1560,23,99.0,0.772037756804067,3,,en.ndtv.com.12992
10792,Online-G.1560,23,98.0,0.580843070957202,2,,cnbc.com.33987
10796,Online-G.1560,7,98.5,0.658682087371124,4,,en.ndtv.com.13141
10815,Online-G.1560,2,98.6666666666667,0.743546924726467,3,,en.ndtv.com.12992
10822,Online-G.1560,5,98.0,0.649484568748993,3,,en.ndtv.com.13141
10824,Online-G.1560,20,99.0,0.739183850283526,2,,egyptindependent.com.1660
10852,Online-G.1560,5,99.25,0.764701141665918,4,,dailymail.co.uk.365139
10854,Online-G.1560,18,99.0,0.78620242040177,3,,dailymail.co.uk.365139
10855,Online-G.1560,19,98.0,0.721790591605803,3,,dailymail.co.uk.365139
10858,Online-G.1560,15,99.0,0.767183596928842,3,,en.ndtv.com.12992
10859,Online-G.1560,21,99.0,0.772037756804067,3,,en.ndtv.com.12992
10861,Online-G.1560,27,98.6666666666667,0.743546924726467,3,,en.ndtv.com.12992
10878,Online-G.1560,0,98.3333333333333,1.09449356278051,3,,abcnews.363906
10902,Online-G.1560,0,98.5,0.957116813674249,2,,news.com.au.759106
10925,Online-G.1560,8,99.3333333333333,0.796542749078726,3,,dailymail.co.uk.365139
10951,Online-G.1560,0,99.0,0.655347427650856,3,,allafrica.15323
10969,Online-G.1560,5,99.0,1.13612905487248,3,,abcnews.363906
10987,Online-G.1560,12,98.0,0.788217195694926,2,,seattletimes.7024
10990,Online-G.1560,6,98.0,0.708036957646034,4,,dailymail.co.uk.365139
10991,Online-G.1560,10,98.3333333333333,0.751211401862817,3,,dailymail.co.uk.365139
10992,Online-G.1560,11,99.0,0.772037756804067,3,,en.ndtv.com.12992
11023,Online-G.1560,19,98.0,0.685136690894129,2,,egyptindependent.com.1660
11037,Online-G.1560,10,99.0,1.39419262772303,2,,voa-zimbabwe.640
11049,Online-G.1560,5,99.0,0.772037756804067,3,,en.ndtv.com.12992
11050,Online-G.1560,8,98.6666666666667,0.743546924726467,3,,en.ndtv.com.12992
11054,Online-G.1560,20,98.5,0.593386398077157,2,,cnbc.com.33987
11077,Online-G.1560,17,99.0,0.781432300006755,3,,dailymail.co.uk.365139
11080,Online-G.1560,19,99.0,0.772037756804067,3,,en.ndtv.com.12992
11081,Online-G.1560,28,99.0,0.772037756804067,3,,en.ndtv.com.12992
11085,Online-G.1560,5,98.6666666666667,0.639538498166744,3,,allafrica.15323
11108,Online-G.1560,13,99.3333333333333,0.796542749078726,3,,dailymail.co.uk.365139
11127,Online-G.1560,16,98.0,1.07367581673453,3,,abcnews.363906
11144,Online-G.1560,4,99.0,0.772037756804067,3,,en.ndtv.com.12992
11199,Online-G.1560,1,99.25,0.761123551369658,4,,dailymail.co.uk.365139
11200,Online-G.1560,4,99.25,0.764701141665918,4,,dailymail.co.uk.365139
11201,Online-G.1560,12,99.3333333333333,0.796542749078726,3,,dailymail.co.uk.365139
11202,Online-G.1560,21,98.3333333333333,0.751211401862817,3,,dailymail.co.uk.365139
11226,Online-G.1560,9,98.3333333333333,0.6722087995281,3,,en.ndtv.com.13141
11228,Online-G.1560,2,98.6666666666667,0.685516008341925,3,,en.ndtv.com.13141
11230,Online-G.1560,1,99.0,0.772037756804067,3,,en.ndtv.com.12992
11235,Online-G.1560,21,99.0,0.617099792303325,2,,cnbc.com.33987
11245,Online-G.1560,7,98.0,1.07367581673453,3,,abcnews.363906
11300,Online-G.1560,8,98.0,1.53079751100902,1,,allafrica.15239
11303,Online-G.1560,13,98.0,1.53079751100902,1,,allafrica.15239
11304,Online-G.1560,16,99.0,1.57741132072305,1,,allafrica.15239
11305,Online-G.1560,17,99.0,1.57741132072305,1,,allafrica.15239
11306,Online-G.1560,21,98.0,1.53079751100902,1,,allafrica.15239
11316,Online-G.1560,6,99.5,0.889271857240735,2,,kcal.279
11318,Online-G.1560,11,98.5,0.85312484009259,2,,kcal.279
11319,Online-G.1560,15,98.0,0.835051331518518,2,,kcal.279
11322,Online-G.1560,22,99.5,0.889271857240735,2,,kcal.279
11323,Online-G.1560,23,99.0,0.871198348666665,2,,kcal.279
11369,Online-G.1560,6,98.0,1.31739989257695,1,,standard.co.uk.14676
11370,Online-G.1560,9,98.0,1.31739989257695,1,,standard.co.uk.14676
11422,Online-G.1560,11,98.0,1.31739989257695,1,,standard.co.uk.14676
11430,Online-G.1560,7,98.5,1.00616960980969,2,,seattletimes.7452
11434,Online-G.1560,4,98.0,1.12994374514268,1,,seattletimes.7019
11465,Online-G.1560,7,98.5,0.85312484009259,2,,kcal.279
11466,Online-G.1560,8,99.5,0.889271857240735,2,,kcal.279
11467,Online-G.1560,9,99.0,0.882254356915469,2,,kcal.279
11471,Online-G.1560,16,98.5,0.85312484009259,2,,kcal.279
11472,Online-G.1560,18,98.5,0.85312484009259,2,,kcal.279
11474,Online-G.1560,21,98.5,0.85312484009259,2,,kcal.279
11500,Online-G.1560,0,99.0,1.34675045273239,1,,standard.co.uk.14676
11507,Online-G.1560,12,98.0,1.31739989257695,1,,standard.co.uk.14676
11535,Online-G.1560,7,98.0,0.770022668269911,1,,allafrica.15247
11537,Online-G.1560,4,99.0,0.871198348666665,2,,kcal.279
11558,Online-G.1560,21,99.0,0.630681571049541,1,,allafrica.15229
11561,Online-G.1560,25,99.0,0.729685618808099,1,,huffingtonpost.com.19357
11562,Online-G.1560,22,99.0,0.729685618808099,1,,huffingtonpost.com.19357
11563,Online-G.1560,18,99.0,0.729685618808099,1,,huffingtonpost.com.19357
11564,Online-G.1560,6,99.0,0.729685618808099,1,,cnn.385734
11566,Online-G.1560,7,99.0,0.74505207280762,1,,rte.en.ie.5312
11567,Online-G.1560,2,99.0,0.858083452920301,1,,rte.en.ie.5371
11584,Online-G.1560,20,100.0,0.879268004351631,1,,news.com.au.759099
11603,Online-G.1560,9,99.0,0.630681571049541,1,,cnbc.com.33934
11605,Online-G.1560,4,99.0,0.630681571049541,1,,allafrica.15229
11606,Online-G.1560,14,99.0,0.630681571049541,1,,allafrica.15229
11607,Online-G.1560,15,99.0,0.630681571049541,1,,cnbc.com.33934
11608,Online-G.1560,11,99.0,0.630681571049541,1,,cnbc.com.33934
11610,Online-G.1560,6,99.5,0.771997898225617,2,,rte.en.ie.5312
11614,Online-G.1560,5,99.0,0.630681571049541,1,,allafrica.15229
11615,Online-G.1560,13,99.0,0.630681571049541,1,,allafrica.15229
11616,Online-G.1560,18,99.0,0.630681571049541,1,,allafrica.15229
11619,Online-G.1560,21,99.0,0.838990038050595,1,,news.com.au.759099
11620,Online-G.1560,22,99.0,0.838990038050595,1,,news.com.au.759099
11621,Online-G.1560,14,99.0,0.838990038050595,1,,news.com.au.759099
11629,Online-G.1560,12,99.0,0.74505207280762,1,,rte.en.ie.5312
11630,Online-G.1560,9,99.0,0.729685618808099,1,,huffingtonpost.com.19357
11631,Online-G.1560,17,99.0,0.729685618808099,1,,huffingtonpost.com.19357
11632,Online-G.1560,16,99.0,0.630681571049541,1,,allafrica.15229
11637,Online-G.1560,7,99.0,0.858083452920301,1,,rte.en.ie.5371
11638,Online-G.1560,13,98.0,2.10828246928842,1,,cbsnews.302129
11651,Online-G.1560,1,98.0,1.09811383613066,1,,news.com.au.759144
11659,Online-G.1560,2,99.0,0.838990038050595,1,,news.com.au.759099
11672,Online-G.1560,8,99.5,0.771997898225617,2,,rte.en.ie.5312
11674,Online-G.1560,8,99.0,0.729685618808099,1,,huffingtonpost.com.19357
11676,Online-G.1560,0,100.0,0.686444751513692,1,,allafrica.15229
11678,Online-G.1560,20,99.0,0.630681571049541,1,,allafrica.15229
11689,Online-G.1560,0,99.0,0.858083452920301,1,,rte.en.ie.5371
11693,Online-G.1560,19,99.0,0.729685618808099,1,,huffingtonpost.com.19357
11703,Online-G.1560,15,99.0,0.729685618808099,1,,huffingtonpost.com.19357
11705,Online-G.1560,1,99.0,0.838990038050595,1,,news.com.au.759099
11716,Online-G.1560,6,99.0,0.858083452920301,1,,rte.en.ie.5371
11717,Online-G.1560,13,99.0,0.74505207280762,2,,rte.en.ie.5312
11718,Online-G.1560,16,99.0,0.729685618808099,1,,huffingtonpost.com.19357
11719,Online-G.1560,3,99.0,0.630681571049541,1,,allafrica.15229
11721,Online-G.1560,8,99.0,0.630681571049541,1,,allafrica.15229
11724,Online-G.1560,10,100.0,0.879268004351631,1,,news.com.au.759099
11725,Online-G.1560,15,99.0,0.838990038050595,1,,news.com.au.759099
11732,Online-G.1560,11,99.0,0.858083452920301,1,,rte.en.ie.5371
11735,Online-G.1560,5,99.0,0.729685618808099,1,,huffingtonpost.com.19357
11752,Online-G.1560,9,99.0,0.74505207280762,1,,rte.en.ie.5312
11754,Online-G.1560,21,99.0,0.729685618808099,1,,huffingtonpost.com.19357
11755,Online-G.1560,11,99.0,0.630681571049541,1,,allafrica.15229
11762,Online-G.1560,9,99.0,0.630681571049541,1,,allafrica.15229
11765,Online-G.1560,6,99.0,0.630681571049541,1,,cnbc.com.33934
11766,Online-G.1560,0,99.0,0.729685618808099,1,,huffingtonpost.com.19357
11778,Online-G.1560,18,99.0,0.838990038050595,1,,news.com.au.759099
11782,Online-G.1560,5,99.0,0.858083452920301,1,,rte.en.ie.5371
11791,Online-G.1560,1,99.0,0.729685618808099,1,,huffingtonpost.com.19357
11792,Online-G.1560,2,99.0,0.729685618808099,1,,huffingtonpost.com.19357
11793,Online-G.1560,7,99.0,0.729685618808099,1,,huffingtonpost.com.19357
11795,Online-G.1560,24,99.0,0.729685618808099,1,,huffingtonpost.com.19357
11796,Online-G.1560,0,99.0,0.630681571049541,1,,cnbc.com.33934
11797,Online-G.1560,19,99.0,0.630681571049541,1,,allafrica.15229
11813,Online-G.1560,11,99.0,0.729685618808099,1,,huffingtonpost.com.19357
11814,Online-G.1560,10,99.0,0.858083452920301,1,,rte.en.ie.5371
11815,Online-G.1560,6,99.0,0.838990038050595,1,,news.com.au.759099
11854,Online-G.1560,14,98.0,0.982639195749841,1,,standard.co.uk.14548
11859,Online-G.1560,15,98.0,1.28153881560619,1,,kcal.268
11860,Online-G.1560,15,99.0,0.907631826203144,1,,express.co.uk.11069
11864,Online-G.1560,16,99.0,1.32191495976517,1,,kcal.268
11865,Online-G.1560,16,99.0,0.907631826203144,1,,express.co.uk.11069
11869,Online-G.1560,17,99.0,0.907631826203144,1,,express.co.uk.11069
11872,Online-G.1560,18,99.0,0.907631826203144,1,,express.co.uk.11069
11877,Online-G.1560,20,99.0,0.907631826203144,1,,express.co.uk.11069
11884,Online-G.1560,2,99.0,0.907631826203144,1,,express.co.uk.11069
11891,Online-G.1560,3,99.0,0.907631826203144,1,,express.co.uk.11069
11909,Online-G.1560,6,99.0,0.907631826203144,1,,express.co.uk.11069
11914,Online-G.1560,7,98.0,1.28153881560619,1,,kcal.268
11920,Online-G.1560,8,99.0,0.907631826203144,1,,express.co.uk.11069
11924,Online-G.1560,9,99.0,1.01885884911327,1,,standard.co.uk.14548
